-- phpMyAdmin SQL Dump
-- version 4.9.7
-- https://www.phpmyadmin.net/
--
-- Máy chủ: localhost:3306
-- Thời gian đã tạo: Th2 23, 2022 lúc 01:24 PM
-- Phiên bản máy phục vụ: 10.5.13-MariaDB-log-cll-lve
-- Phiên bản PHP: 7.3.33

SET SQL_MODE = "NO_AUTO_VALUE_ON_ZERO";
SET AUTOCOMMIT = 0;
START TRANSACTION;
SET time_zone = "+00:00";


/*!40101 SET @OLD_CHARACTER_SET_CLIENT=@@CHARACTER_SET_CLIENT */;
/*!40101 SET @OLD_CHARACTER_SET_RESULTS=@@CHARACTER_SET_RESULTS */;
/*!40101 SET @OLD_COLLATION_CONNECTION=@@COLLATION_CONNECTION */;
/*!40101 SET NAMES utf8mb4 */;

--
-- Cơ sở dữ liệu: `agsngfxrhosting_booking`
--

-- --------------------------------------------------------

--
-- Cấu trúc bảng cho bảng `article`
--

CREATE TABLE `article` (
  `id` int(11) NOT NULL,
  `cate_id` int(11) DEFAULT NULL,
  `title` varchar(255) CHARACTER SET utf8 NOT NULL,
  `avatar` varchar(255) CHARACTER SET utf8 DEFAULT NULL,
  `url` varchar(255) CHARACTER SET utf8 DEFAULT NULL,
  `description` varchar(255) CHARACTER SET utf8 DEFAULT NULL,
  `content` longtext CHARACTER SET utf8 NOT NULL,
  `created_at` timestamp NULL DEFAULT current_timestamp(),
  `updated_at` timestamp NULL DEFAULT current_timestamp(),
  `status` int(11) DEFAULT 0,
  `single_page` int(11) DEFAULT 0
) ENGINE=MyISAM DEFAULT CHARSET=latin1;

-- --------------------------------------------------------

--
-- Cấu trúc bảng cho bảng `booking`
--

CREATE TABLE `booking` (
  `id` int(11) NOT NULL,
  `name` varchar(255) CHARACTER SET utf8mb4 COLLATE utf8mb4_unicode_ci NOT NULL,
  `phone_number` varchar(50) CHARACTER SET utf8mb4 COLLATE utf8mb4_unicode_ci NOT NULL,
  `cmnd` varchar(255) CHARACTER SET utf8mb4 COLLATE utf8mb4_unicode_ci DEFAULT NULL,
  `address` varchar(255) CHARACTER SET utf8mb4 COLLATE utf8mb4_unicode_ci DEFAULT NULL,
  `price` int(11) DEFAULT NULL,
  `note` text CHARACTER SET utf8mb4 COLLATE utf8mb4_unicode_ci DEFAULT NULL,
  `status` int(11) NOT NULL DEFAULT 0,
  `created_at` timestamp NOT NULL DEFAULT current_timestamp(),
  `updated_at` timestamp NOT NULL DEFAULT current_timestamp(),
  `booking_code` varchar(255) DEFAULT NULL
) ENGINE=MyISAM DEFAULT CHARSET=latin1;

--
-- Đang đổ dữ liệu cho bảng `booking`
--

INSERT INTO `booking` (`id`, `name`, `phone_number`, `cmnd`, `address`, `price`, `note`, `status`, `created_at`, `updated_at`, `booking_code`) VALUES
(237, 'trung vu 123', '9322302132', NULL, 'Trung Văn', 1700, 'abc', 3, '2021-12-17 04:43:20', '2021-12-17 04:53:50', '#237'),
(282, 'abc', '9322302132', NULL, 'Trung Văn', 35000000, NULL, 2, '2021-12-23 06:54:00', '2021-12-23 07:06:07', '#282'),
(233, 'Trần Trung Đoàn', '0867543248', '34234234234', 'Hà Nội', 900, 'abc', 4, '2021-12-16 10:47:29', '2021-12-23 03:50:45', '#233'),
(231, 'Ngô Hoàng Đông Anh', '6767565675', '34234234234', 'Hà Nội', 900, '123', 4, '2021-12-16 10:46:29', '2021-12-16 12:52:16', '#231'),
(228, 'Trần Tuấn', '03912433624', NULL, 'Trung Văn', 1900, NULL, 4, '2021-12-14 10:16:34', '2021-12-23 03:50:42', '#228'),
(227, 'Long', '09312421414', NULL, 'Trung Văn', 1900, 'k đến', 4, '2021-12-14 10:08:16', '2021-12-23 03:50:53', '#227'),
(283, 'datlt34', '0988991496', NULL, NULL, 2000000, 'Ghi chú', 4, '2021-12-23 06:54:56', '2021-12-23 07:09:19', '#283'),
(284, 'nam', '0379132910', NULL, NULL, 35000000, 'sf', 1, '2021-12-24 05:51:03', '2021-12-24 05:52:29', '#284'),
(230, 'Vũ Đức Trung', '0932205448', NULL, 'Hà Nội', 1900, 'huy la huy. khong ns nhieu', 4, '2021-12-16 02:49:44', '2021-12-23 03:51:04', '#230'),
(225, 'Vũ Đức Trung', '09312424124', '321312313131331', 'Trung Văn', 1900, 'Ko lý do', 3, '2021-12-14 08:52:27', '2021-12-17 04:54:19', '#225'),
(240, 'anh', '0379132910', '34234234234', 'Hà Nội', 42000000, 'abc', 4, '2021-12-18 07:26:34', '2021-12-23 03:51:11', '#240'),
(241, 'Trần Trung Đoàn', '0971052857', '038201012803', 'Hà Nội', 55000000, '123', 4, '2021-12-19 06:08:42', '2021-12-23 03:51:14', '#241'),
(239, 'thutra mai', '1234567', '1345566', 'Ha nọi', 2000000, NULL, 4, '2021-12-18 04:34:25', '2021-12-23 03:50:48', '#239'),
(242, 'chú bé đần', '0963369245', '1234568979', '12e13131313', 15000000, 'k', 4, '2021-12-19 09:35:42', '2021-12-23 03:51:01', '#242'),
(243, 'Vũ Đức Trung', '9322302132', NULL, 'Ct4c', 17000000, 'abc', 4, '2021-12-19 14:46:13', '2021-12-23 03:51:19', '#243'),
(244, '0932205448', '0971052857', NULL, NULL, 35000000, 'bhbhbhbh', 4, '2021-12-20 10:03:32', '2021-12-23 03:51:24', '#244'),
(245, 'Trung vd', '0932205448', NULL, NULL, 57000000, 'abc', 4, '2021-12-20 10:11:12', '2021-12-20 10:20:35', '#245'),
(255, '093213213', '0932205448', NULL, NULL, 12000000, 'abc', 4, '2021-12-21 15:46:35', '2021-12-23 03:51:40', '#255'),
(247, 'quang', '0867543248', '123123123123', 'ba đình - hà nội', 30000000, 'khám ngày hôm nay', 4, '2021-12-21 08:40:35', '2021-12-23 03:51:29', '#247'),
(248, '0932205448', '0932205448', NULL, NULL, 25000000, 'abc', 4, '2021-12-21 11:13:20', '2021-12-23 03:51:34', '#248'),
(281, 'demo 1', '09312312443', NULL, 'Trung Văn', 35000000, 'abc', 2, '2021-12-23 06:52:50', '2021-12-23 06:53:32', '#281'),
(272, 'quang', '0867543248', NULL, NULL, 22000000, '123', 4, '2021-12-23 04:32:05', '2021-12-23 04:38:51', '#272'),
(285, 'test', '0353256076', '21442354543534', 'Hà Nội', 12000000, 'test', 4, '2021-12-25 14:18:19', '2022-01-05 17:06:31', '#285'),
(286, 'test', '123456', NULL, NULL, 32000000, 'test', 1, '2021-12-26 10:42:00', '2021-12-26 10:42:00', '#286'),
(267, 'trung demo', '0932205448', '038201012803', 'Hà Nội', 17000000, 'abc', 4, '2021-12-22 13:46:25', '2021-12-23 03:49:04', '#267'),
(270, 'trunng demo', '0932205448', NULL, NULL, 25000000, 'hủy đơn', 2, '2021-12-23 03:43:08', '2021-12-26 16:13:54', '#270'),
(280, 'tran minh quang', '0329316963', NULL, NULL, 22000000, 'benh', 4, '2021-12-23 06:39:04', '2021-12-23 06:43:31', '#280'),
(279, 'Trần Trung Đoàn', '0329316963', '038201012803', 'Trung Văn', 25000000, '123', 2, '2021-12-23 05:59:04', '2021-12-23 06:07:22', '#279'),
(287, 'Tablet', '0971052857', NULL, NULL, 30000000, '123', 0, '2021-12-26 14:39:59', '2021-12-26 14:39:59', NULL),
(288, 'lointph11331', '0919644023', '34238753133123123', 'ha noi', 35000000, 'q2131212312', 2, '2021-12-26 15:05:25', '2022-01-05 17:24:16', '#288'),
(289, 'Lê Khắc Dũng', '0918249182', '21442354543534', 'Hòa Bình', 30000000, 'abc', 2, '2022-01-04 04:57:05', '2022-01-04 04:59:32', '#289'),
(290, 'Nguyễn Văn Hùng', '0345756000', '036201000949', 'Số 2 Vương Thừa Vũ', 47000000, 'abc', 1, '2022-01-09 14:28:24', '2022-01-09 14:28:24', '#290');

-- --------------------------------------------------------

--
-- Cấu trúc bảng cho bảng `booking_schedule`
--

CREATE TABLE `booking_schedule` (
  `id` int(11) NOT NULL,
  `booking_services_id` int(255) NOT NULL,
  `booking_id` int(11) NOT NULL,
  `doctor_id` int(255) NOT NULL,
  `start_date` varchar(255) CHARACTER SET utf8mb4 COLLATE utf8mb4_unicode_ci NOT NULL,
  `end_date` varchar(255) CHARACTER SET utf8mb4 COLLATE utf8mb4_unicode_ci NOT NULL,
  `note` text CHARACTER SET utf8mb4 COLLATE utf8mb4_unicode_ci DEFAULT NULL,
  `status` varchar(50) CHARACTER SET utf8mb4 COLLATE utf8mb4_unicode_ci NOT NULL DEFAULT '0',
  `created_at` timestamp NOT NULL DEFAULT current_timestamp(),
  `updated_at` timestamp NOT NULL DEFAULT current_timestamp()
) ENGINE=MyISAM DEFAULT CHARSET=latin1;

--
-- Đang đổ dữ liệu cho bảng `booking_schedule`
--

INSERT INTO `booking_schedule` (`id`, `booking_services_id`, `booking_id`, `doctor_id`, `start_date`, `end_date`, `note`, `status`, `created_at`, `updated_at`) VALUES
(115, 741, 272, 34, '2021-12-27 11:45:00', '2021-12-27 12:45:00', NULL, '9', '2021-12-23 04:43:50', '2021-12-23 04:43:50'),
(118, 762, 280, 35, '2021-12-24 14:45:00', '2021-12-24 15:45:00', NULL, '9', '2021-12-23 06:44:27', '2021-12-23 06:44:27'),
(119, 762, 280, 35, '2021-12-26 13:45:00', '2021-12-26 14:45:00', NULL, '9', '2021-12-23 06:44:35', '2021-12-23 06:44:35'),
(120, 762, 280, 35, '2021-12-21 14:00:00', '2021-12-21 15:00:00', NULL, '9', '2021-12-23 06:56:13', '2021-12-23 06:56:13'),
(114, 741, 272, 34, '2021-12-25 16:00:00', '2021-12-25 17:00:00', 'abc', '10', '2021-12-23 04:43:38', '2021-12-23 04:44:25'),
(111, 670, 245, 34, '2021-12-26 17:30:00', '2021-12-26 18:30:00', 'abc', '10', '2021-12-20 10:25:24', '2021-12-23 03:51:53'),
(109, 670, 245, 35, '2021-12-22 09:00:00', '2021-12-22 10:30:00', NULL, '10', '2021-12-20 10:23:45', '2021-12-23 03:51:43'),
(110, 670, 245, 34, '2021-12-24 07:30:00', '2021-12-24 08:30:00', NULL, '10', '2021-12-20 10:24:17', '2021-12-23 03:51:47'),
(121, 777, 285, 34, '2022-01-07 10:15:00', '2022-01-07 13:15:00', NULL, '9', '2022-01-05 17:08:40', '2022-01-05 17:08:40');

-- --------------------------------------------------------

--
-- Cấu trúc bảng cho bảng `booking_services`
--

CREATE TABLE `booking_services` (
  `id` int(11) NOT NULL,
  `booking_id` int(11) NOT NULL,
  `services_id` int(11) NOT NULL,
  `doctor_id` int(11) DEFAULT NULL,
  `start_date` varchar(255) CHARACTER SET utf8mb4 COLLATE utf8mb4_unicode_ci DEFAULT NULL,
  `end_date` varchar(255) CHARACTER SET utf8mb4 COLLATE utf8mb4_unicode_ci DEFAULT NULL,
  `status` int(11) DEFAULT 0,
  `note` text CHARACTER SET utf8mb4 COLLATE utf8mb4_unicode_ci DEFAULT NULL,
  `created_at` timestamp NOT NULL DEFAULT current_timestamp(),
  `updated_at` timestamp NOT NULL DEFAULT current_timestamp()
) ENGINE=MyISAM DEFAULT CHARSET=latin1;

--
-- Đang đổ dữ liệu cho bảng `booking_services`
--

INSERT INTO `booking_services` (`id`, `booking_id`, `services_id`, `doctor_id`, `start_date`, `end_date`, `status`, `note`, `created_at`, `updated_at`) VALUES
(766, 282, 5, 35, '2021-12-23 18:00:00', '2021-12-23 18:50:00', 6, NULL, '2021-12-23 06:54:00', '2021-12-23 06:54:33'),
(662, 243, 2, 35, '2021-12-20 10:50:00', '2021-12-20 11:40:00', 8, NULL, '2021-12-19 14:46:13', '2021-12-23 03:51:16'),
(667, 244, 5, 34, '2021-12-21 12:00:00', '2021-12-21 12:50:00', 8, 'abc', '2021-12-20 10:04:43', '2021-12-23 03:51:21'),
(663, 243, 39, 35, '2021-12-20 11:40:00', '2021-12-20 12:10:00', 8, NULL, '2021-12-19 14:46:13', '2021-12-23 03:51:19'),
(666, 244, 2, 34, '2021-12-21 12:50:00', '2021-12-21 13:40:00', 8, 'abc', '2021-12-20 10:04:43', '2021-12-23 03:51:24'),
(658, 241, 2, 34, '2021-12-20 09:00:00', '2021-12-20 09:50:00', 8, NULL, '2021-12-19 06:09:12', '2021-12-23 03:51:09'),
(659, 241, 5, 34, '2021-12-20 10:00:00', '2021-12-20 10:50:00', 8, NULL, '2021-12-19 06:09:12', '2021-12-23 03:51:14'),
(661, 242, 2, 35, '2021-12-20 08:00', '2021-12-20 08:50', 8, 'k', '2021-12-19 09:36:35', '2021-12-23 03:51:01'),
(650, 237, 39, NULL, NULL, NULL, 3, NULL, '2021-12-17 04:43:20', '2021-12-17 04:53:50'),
(656, 240, 39, 35, '2021-12-20 09:10:00', '2021-12-20 09:40:00', 8, 'abc', '2021-12-18 09:10:52', '2021-12-23 03:51:11'),
(649, 237, 5, NULL, NULL, NULL, 3, NULL, '2021-12-17 04:43:20', '2021-12-17 04:53:50'),
(769, 283, 39, 35, '2021-12-23 19:30', '2021-12-23 20:00', 8, 'abc', '2021-12-23 07:03:02', '2021-12-23 07:11:06'),
(641, 230, 2, 37, '2021-12-19 13:24:00', '2021-12-19 14:14:00', 8, NULL, '2021-12-16 02:49:44', '2021-12-23 03:50:56'),
(642, 230, 5, 34, '2021-12-20 08:00', '2021-12-20 08:50', 8, 'null', '2021-12-16 02:49:44', '2021-12-23 03:51:04'),
(652, 239, 39, 34, '2021-12-18 11:40:00', '2021-12-18 12:10:00', 8, NULL, '2021-12-18 04:34:25', '2021-12-23 03:50:48'),
(643, 231, 5, 34, '2021-12-17 09:50:00', '2021-12-17 10:40:00', 8, NULL, '2021-12-16 10:46:29', '2021-12-16 12:52:16'),
(645, 233, 5, 34, '2021-12-17 09:00:00', '2021-12-17 09:50:00', 8, NULL, '2021-12-16 10:47:29', '2021-12-23 03:50:45'),
(637, 227, 5, 34, '2021-12-19 10:00', '2021-12-19 10:45', 8, 'null', '2021-12-14 10:08:16', '2021-12-23 03:50:51'),
(636, 227, 2, 34, '2021-12-19 12:44:00', '2021-12-19 13:34:00', 8, 'null', '2021-12-14 10:08:16', '2021-12-23 03:50:53'),
(639, 228, 5, 34, '2021-12-14 18:50:00', '2021-12-14 19:40:00', 8, NULL, '2021-12-14 10:16:34', '2021-12-20 18:18:57'),
(638, 228, 2, 37, '2021-12-15 09:00:00', '2021-12-15 09:50:00', 8, NULL, '2021-12-14 10:16:34', '2021-12-23 03:50:42'),
(655, 240, 5, 34, '2021-12-25 08:45', '2021-12-25 09:35', 8, 'abc', '2021-12-18 09:10:51', '2021-12-25 15:35:18'),
(632, 225, 2, NULL, NULL, NULL, 3, NULL, '2021-12-14 08:52:27', '2021-12-17 04:54:19'),
(633, 225, 5, NULL, NULL, NULL, 3, NULL, '2021-12-14 08:52:27', '2021-12-17 04:54:19'),
(707, 255, 45, 34, '2021-12-22 18:00:00', '2021-12-22 18:30:00', 8, 'abc', '2021-12-22 10:24:10', '2021-12-23 03:51:37'),
(670, 245, 2, 34, '2021-12-21 09:30', '2021-12-21 10:20', 8, 'null', '2021-12-20 10:11:41', '2021-12-21 08:28:05'),
(671, 245, 5, 35, '2021-12-21 10:30:00', '2021-12-21 11:20:00', 8, NULL, '2021-12-20 10:11:41', '2021-12-20 10:20:25'),
(673, 245, 39, 35, '2021-12-21 11:20:00', '2021-12-21 11:50:00', 8, NULL, '2021-12-20 10:15:44', '2021-12-20 10:20:35'),
(706, 255, 44, 34, '2021-12-22 18:30:00', '2021-12-22 19:20:00', 8, 'abc', '2021-12-22 10:24:10', '2021-12-23 03:51:40'),
(680, 247, 5, 34, '2021-12-22 05:00', '2021-12-22 05:50', 8, 'v', '2021-12-21 08:41:30', '2021-12-25 14:12:10'),
(681, 247, 44, 34, '2021-12-22 09:00:00', '2021-12-22 09:50:00', 8, 'v', '2021-12-21 08:41:30', '2021-12-23 03:51:29'),
(684, 248, 2, 34, '2021-12-22 10:00', '2021-12-22 10:50', 8, 'v', '2021-12-21 11:13:42', '2021-12-23 03:51:31'),
(685, 248, 44, 34, '2021-12-22 10:50', '2021-12-22 11:40', 8, 'v', '2021-12-21 11:13:42', '2021-12-25 14:30:16'),
(735, 270, 44, 34, '2021-12-27 07:40', '2021-12-27 08:30', 6, 'abc', '2021-12-23 03:44:25', '2021-12-30 11:22:49'),
(765, 282, 2, 34, '2021-12-23 19:10:00', '2021-12-23 20:00:00', 6, NULL, '2021-12-23 06:54:00', '2021-12-23 07:06:07'),
(734, 270, 2, 35, '2021-12-27 10:00', '2021-12-28 10:50', 6, 'abc', '2021-12-23 03:44:25', '2021-12-30 10:23:14'),
(726, 267, 2, 34, '2021-12-23 14:00:00', '2021-12-23 14:50:00', 8, 'abc', '2021-12-22 13:53:52', '2021-12-23 03:48:55'),
(727, 267, 39, 34, '2021-12-23 14:50:00', '2021-12-23 15:20:00', 8, 'trung test', '2021-12-22 13:53:52', '2021-12-23 03:49:04'),
(764, 281, 5, 34, '2021-12-23 17:30:00', '2021-12-23 18:20:00', 6, 'abc', '2021-12-23 06:52:50', '2021-12-23 06:53:21'),
(762, 280, 39, 35, '2021-12-23 14:00:00', '2021-12-23 14:30:00', 8, 'tinh ben', '2021-12-23 06:41:14', '2021-12-23 06:43:22'),
(741, 272, 5, 37, '2021-12-23 14:00:00', '2021-12-23 14:50:00', 8, 'Thuốc', '2021-12-23 04:36:19', '2021-12-23 04:38:43'),
(742, 272, 39, 37, '2021-12-23 14:50:00', '2021-12-23 15:20:00', 8, 'abc', '2021-12-23 04:36:19', '2021-12-23 04:38:51'),
(758, 279, 44, 34, '2021-12-23 15:30:00', '2021-12-23 16:20:00', 6, NULL, '2021-12-23 05:59:04', '2021-12-23 06:00:13'),
(757, 279, 2, 34, '2021-12-23 16:20:00', '2021-12-23 17:10:00', 6, NULL, '2021-12-23 05:59:04', '2021-12-23 06:00:23'),
(763, 281, 2, 34, '2021-12-23 18:20:00', '2021-12-23 19:10:00', 6, NULL, '2021-12-23 06:52:50', '2021-12-23 06:53:32'),
(761, 280, 5, 35, '2021-12-23 14:30:00', '2021-12-23 15:20:00', 8, 'benh', '2021-12-23 06:41:14', '2021-12-23 06:43:31'),
(772, 284, 2, NULL, NULL, NULL, 5, 'sf', '2021-12-24 05:52:29', '2021-12-24 05:52:29'),
(773, 284, 5, NULL, NULL, NULL, 5, 'sf', '2021-12-24 05:52:29', '2021-12-24 05:52:29'),
(776, 285, 44, 41, '2021-12-26 07:35', '2021-12-26 08:25', 8, NULL, '2021-12-25 14:18:58', '2021-12-25 15:16:35'),
(777, 285, 45, 34, '2021-12-26 08:25:00', '2021-12-26 08:55:00', 8, NULL, '2021-12-25 14:18:58', '2021-12-25 15:22:22'),
(778, 286, 5, NULL, NULL, NULL, 5, NULL, '2021-12-26 10:42:00', '2021-12-26 10:42:00'),
(779, 286, 39, NULL, NULL, NULL, 5, NULL, '2021-12-26 10:42:00', '2021-12-26 10:42:00'),
(780, 286, 44, NULL, NULL, NULL, 5, NULL, '2021-12-26 10:42:00', '2021-12-26 10:42:00'),
(781, 287, 5, NULL, NULL, NULL, 0, NULL, '2021-12-26 14:39:59', '2021-12-26 14:39:59'),
(782, 287, 44, NULL, NULL, NULL, 0, NULL, '2021-12-26 14:39:59', '2021-12-26 14:39:59'),
(785, 288, 2, 34, '2021-12-27 17:15', '2021-12-27 18:05', 6, 'abc', '2021-12-26 15:08:23', '2021-12-26 15:09:40'),
(786, 288, 5, 34, '2022-01-15 08:15', '2022-01-15 08:20', 6, 'sf', '2021-12-26 15:08:23', '2022-01-05 17:27:25'),
(789, 289, 5, 34, '2022-01-04 17:30:00', '2022-01-04 18:20:00', 6, 'sf', '2022-01-04 04:58:17', '2022-01-04 04:59:32'),
(790, 289, 44, 34, '2022-01-04 11:58:00', '2022-01-04 12:48:00', 6, 'sf', '2022-01-04 04:58:17', '2022-01-04 04:58:53'),
(791, 290, 2, NULL, NULL, NULL, 5, NULL, '2022-01-09 14:28:24', '2022-01-09 14:28:24'),
(792, 290, 5, NULL, NULL, NULL, 5, NULL, '2022-01-09 14:28:24', '2022-01-09 14:28:24'),
(793, 290, 39, NULL, NULL, NULL, 5, NULL, '2022-01-09 14:28:24', '2022-01-09 14:28:24'),
(794, 290, 44, NULL, NULL, NULL, 5, NULL, '2022-01-09 14:28:24', '2022-01-09 14:28:24');

-- --------------------------------------------------------

--
-- Cấu trúc bảng cho bảng `category_article`
--

CREATE TABLE `category_article` (
  `id` int(11) NOT NULL,
  `name` varchar(255) CHARACTER SET utf8 NOT NULL,
  `url_name` varchar(255) DEFAULT NULL,
  `is_menu` int(11) DEFAULT NULL,
  `created_at` timestamp NOT NULL DEFAULT current_timestamp(),
  `updated_at` timestamp NOT NULL DEFAULT current_timestamp()
) ENGINE=MyISAM DEFAULT CHARSET=latin1;

--
-- Đang đổ dữ liệu cho bảng `category_article`
--

INSERT INTO `category_article` (`id`, `name`, `url_name`, `is_menu`, `created_at`, `updated_at`) VALUES
(1, 'Tin tức', 'tin-tuc', 1, '2021-12-19 05:05:24', '2021-12-19 05:05:24');

-- --------------------------------------------------------

--
-- Cấu trúc bảng cho bảng `doctor`
--

CREATE TABLE `doctor` (
  `id` int(11) NOT NULL,
  `name` varchar(255) CHARACTER SET utf8mb4 COLLATE utf8mb4_unicode_ci NOT NULL,
  `avatar` varchar(255) CHARACTER SET utf8mb4 COLLATE utf8mb4_unicode_ci DEFAULT NULL,
  `position` varchar(255) CHARACTER SET utf8mb4 COLLATE utf8mb4_unicode_ci DEFAULT NULL,
  `description` text CHARACTER SET utf8mb4 COLLATE utf8mb4_unicode_ci DEFAULT NULL,
  `created_at` timestamp NOT NULL DEFAULT current_timestamp() ON UPDATE current_timestamp(),
  `updated_at` timestamp NOT NULL DEFAULT '0000-00-00 00:00:00',
  `certificate` text CHARACTER SET utf8mb4 COLLATE utf8mb4_unicode_ci DEFAULT NULL
) ENGINE=MyISAM DEFAULT CHARSET=latin1;

--
-- Đang đổ dữ liệu cho bảng `doctor`
--

INSERT INTO `doctor` (`id`, `name`, `avatar`, `position`, `description`, `created_at`, `updated_at`, `certificate`) VALUES
(3, 'TRẦN CAO BÍNH', 'img\\61c1955729dc8-3.jpg', 'Giám đốc Bệnh viện, kiêm Phụ trách Phòng Kế hoạch tổng hợp', '<p style=\"box-sizing: inherit; margin: 0px 0px 10px; text-align: justify; font-family: Quicksand, Arial, Helvetica; font-size: 18px;\">Một b&aacute;c sĩ&nbsp;<a style=\"box-sizing: inherit; text-decoration-line: none; color: #0000ff; font-weight: 600;\" title=\"nha khoa\" href=\"https://nhakhoaparis.vn/\">nha khoa</a>&nbsp;giỏi ở H&agrave; Nội hay TP.HCM th&igrave; b&ecirc;n cạnh bằng cấp, th&agrave;nh tựu nghề nghiệp, yếu tố t&acirc;m đức, nhiệt t&igrave;nh với bệnh nh&acirc;n cũng phải được đặt l&ecirc;n l&agrave;m đầu.</p>\r\n<p style=\"box-sizing: inherit; margin: 0px 0px 10px; text-align: justify; font-family: Quicksand, Arial, Helvetica; font-size: 18px;\">Dưới đ&acirc;y l&agrave; một số b&aacute;c sĩ chỉnh nha uy t&iacute;n, nổi tiếng c&oacute; th&acirc;m ni&ecirc;n tr&ecirc;n 20 năm trong lĩnh vực chỉnh nha được t&igrave;m kiếm nhiều nhất hiện nay:</p>\r\n<div class=\"row\" style=\"box-sizing: border-box; --bs-gutter-x: 1.5rem; --bs-gutter-y: 0; display: flex; flex-wrap: wrap; margin-top: calc(var(--bs-gutter-y) * -1); margin-right: calc(var(--bs-gutter-x)/ -2); margin-left: calc(var(--bs-gutter-x)/ -2); color: #212529; font-family: poppins, sans-serif; font-size: 16px; background-color: #ffffff;\">\r\n<div class=\"col-lg-6\" style=\"box-sizing: border-box; flex: 0 0 auto; width: 640px; max-width: 100%; padding-right: calc(var(--bs-gutter-x)/ 2); padding-left: calc(var(--bs-gutter-x)/ 2); margin-top: var(--bs-gutter-y);\">&nbsp;</div>\r\n</div>\r\n<div class=\"overview-text\" style=\"box-sizing: border-box; color: #212529; font-family: poppins, sans-serif; font-size: 16px; background-color: #ffffff;\">\r\n<p style=\"box-sizing: inherit; margin: 0px 0px 10px; text-align: justify; color: #000000; font-family: Quicksand, Arial, Helvetica; font-size: 18px;\">Tiến sĩ- B&aacute;c sĩ Trần Cao B&iacute;nh l&agrave; b&aacute;c sĩ răng h&agrave;m mặt giỏi ở H&agrave; Nội kh&aacute; nổi tiếng hiện nay v&igrave; chuy&ecirc;n m&ocirc;n, kinh nghiệm v&agrave; sự tận t&acirc;m, nhiệt huyết với nghề.</p>\r\n<p style=\"box-sizing: inherit; margin: 0px 0px 10px; text-align: justify; color: #000000; font-family: Quicksand, Arial, Helvetica; font-size: 18px;\">➢ Học vấn</p>\r\n<ul style=\"box-sizing: inherit; color: #000000; font-family: Quicksand, Arial, Helvetica; font-size: 18px;\">\r\n<li style=\"box-sizing: inherit;\">Tiến sĩ Đại học Y H&agrave; Nội chuy&ecirc;n ng&agrave;nh răng h&agrave;m mặt năm 2014</li>\r\n<li style=\"box-sizing: inherit;\">Tốt nghiệp lớp li&ecirc;n đại học Ph&aacute;p- Việt ni&ecirc;n kho&aacute; 2006-2008; 2016-2017 về c&aacute;c chuy&ecirc;n ng&agrave;nh n&acirc;ng cao như: nắn chỉnh răng, điều trị nội nha, phẫu thuật nha chu, răng trẻ em, implant, phục h&igrave;nh thẩm mỹ&hellip;</li>\r\n</ul>\r\n<p style=\"box-sizing: inherit; margin: 0px 0px 10px; text-align: justify; color: #000000; font-family: Quicksand, Arial, Helvetica; font-size: 18px;\">➢ Th&agrave;nh tựu nghề nghiệp</p>\r\n<ul style=\"box-sizing: inherit; color: #000000; font-family: Quicksand, Arial, Helvetica; font-size: 18px;\">\r\n<li style=\"box-sizing: inherit;\">Gi&aacute;m đốc hệ thống chuỗi hệ thống nha khoa ti&ecirc;u chuẩn Ph&aacute;p-&nbsp;<a style=\"box-sizing: inherit; background-color: transparent; text-decoration-line: none; color: #333333;\" title=\"Nha khoa Paris\" href=\"https://nhakhoaparis.vn/\">Nha khoa Paris</a>.</li>\r\n<li style=\"box-sizing: inherit;\">Th&agrave;nh vi&ecirc;n Hiệp hội implant thế giới (ICOI : International Congress of Oral Implantologists).</li>\r\n<li style=\"box-sizing: inherit;\">Th&agrave;nh vi&ecirc;n hiệp hội nha sĩ Mĩ&nbsp; (ADA: American Dental Association)</li>\r\n<li style=\"box-sizing: inherit;\">Th&agrave;nh vi&ecirc;n hiệp hội ITI (International Team for Implantology): Hiệp hội c&aacute;c nh&agrave;&nbsp;<a style=\"box-sizing: inherit; background-color: transparent; text-decoration-line: none; color: #333333;\" title=\"cấy gh&eacute;p Implant\" href=\"https://nhakhoaparis.vn/cay-ghep-rang-implant-giai-phap-hoi-sinh-rang-cao-cap-nhat-the-ky-21.html\">cấy gh&eacute;p Implant</a>&nbsp;của Thuỵ Sĩ, quy tụ nhiều b&aacute;c sĩ cấy gh&eacute;p implant giỏi tr&ecirc;n to&agrave;n thế giới, thường xuy&ecirc;n tổ chức c&aacute;c buổi chuy&ecirc;n đề trao đổi kinh nghiệm, hội chẩn c&aacute;c trường hợp implant nha khoa phức tạp.</li>\r\n</ul>\r\n<p style=\"box-sizing: inherit; margin: 0px 0px 10px; text-align: justify; color: #000000; font-family: Quicksand, Arial, Helvetica; font-size: 18px;\">➢ Kinh nghiệm</p>\r\n<ul style=\"box-sizing: inherit; color: #000000; font-family: Quicksand, Arial, Helvetica; font-size: 18px;\">\r\n<li style=\"box-sizing: inherit;\">Tr&ecirc;n 20 năm kinh nghiệm trong lĩnh vực chỉnh nha, thẩm mỹ răng h&agrave;m mặt tại Việt Nam v&agrave; nước ngo&agrave;i.</li>\r\n</ul>\r\n</div>', '2021-12-22 10:04:27', '2021-12-22 10:04:27', '<p style=\"box-sizing: border-box; margin-top: 0px; margin-bottom: 0px; line-height: 1.8; color: #6a6c72; font-family: poppins, sans-serif; font-size: 15px; background-color: #ffffff;\">&nbsp;</p>\r\n<ul style=\"box-sizing: border-box; list-style-position: initial; list-style-image: initial; margin-top: 0px; padding: 0px; margin-bottom: 1.3em; color: #777777; font-family: Roboto, sans-serif; font-size: 16px; background-color: #ffffff;\">\r\n<li style=\"box-sizing: border-box; margin-bottom: 0.6em; margin-left: 1.3em;\">Tốt nghiệp đại học chuy&ecirc;n ng&agrave;nh RHM tại Đại Học Y C&ocirc;n Minh, V&acirc;n Nam, Trung Quốc năm 2008</li>\r\n<li style=\"box-sizing: border-box; margin-bottom: 0.6em; margin-left: 1.3em;\">Nghi&ecirc;n cứu sinh chuy&ecirc;n s&acirc;u về Chỉnh Nha Thẩm Mỹ tại Đại Học Y C&ocirc;n Minh</li>\r\n<li style=\"box-sizing: border-box; margin-bottom: 0.6em; margin-left: 1.3em;\">Bảo vệ th&agrave;nh c&ocirc;ng luận văn Thạc Sỹ năm 2011</li>\r\n<li style=\"box-sizing: border-box; margin-bottom: 0.6em; margin-left: 1.3em;\">B&aacute;c sĩ RHM tại bệnh viện Đại Học Y C&ocirc;n Minh</li>\r\n<li style=\"box-sizing: border-box; margin-bottom: 0.6em; margin-left: 1.3em;\">B&aacute;c sĩ chuy&ecirc;n khoa RHM tại Bệnh Viện Đa Khoa Vinmec từ 2011 &ndash; 2018</li>\r\n<li style=\"box-sizing: border-box; margin-bottom: 0.6em; margin-left: 1.3em;\">Đạt danh hiệu b&aacute;c sỹ hạng Gold của tổ chức Invisalign Hoa Kỳ</li>\r\n<li style=\"box-sizing: border-box; margin-bottom: 0.6em; margin-left: 1.3em;\">Nghi&ecirc;n cứu đề t&agrave;i chuy&ecirc;n khoa: chỉnh nha bằng minivis, l&agrave;m trắng răng bằng phủ/ d&aacute;n veneer&hellip;</li>\r\n<li style=\"box-sizing: border-box; margin-bottom: 0.6em; margin-left: 1.3em;\">Cộng t&aacute;c với chuy&ecirc;n gia Trung t&acirc;m nghi&ecirc;n cứu Tế b&agrave;o gốc v&agrave; c&ocirc;ng nghệ Gen &ndash; bệnh viện ĐKQT Vinmec nghi&ecirc;n cứu về tế b&agrave;o gốc từ tủy răng sữa</li>\r\n</ul>'),
(4, 'LÊ HỒNG VÂN', 'img\\61c1956664b99-2.jpg', 'Trưởng khoa Điều trị theo yêu cầu', '<p style=\"box-sizing: inherit; margin: 0px 0px 10px; text-align: justify; font-family: Quicksand, Arial, Helvetica; font-size: 18px;\">Một b&aacute;c sĩ&nbsp;<a style=\"box-sizing: inherit; text-decoration-line: none; color: #0000ff; font-weight: 600;\" title=\"nha khoa\" href=\"https://nhakhoaparis.vn/\">nha khoa</a>&nbsp;giỏi ở H&agrave; Nội hay TP.HCM th&igrave; b&ecirc;n cạnh bằng cấp, th&agrave;nh tựu nghề nghiệp, yếu tố t&acirc;m đức, nhiệt t&igrave;nh với bệnh nh&acirc;n cũng phải được đặt l&ecirc;n l&agrave;m đầu.</p>\r\n<p style=\"box-sizing: inherit; margin: 0px 0px 10px; text-align: justify; font-family: Quicksand, Arial, Helvetica; font-size: 18px;\">Dưới đ&acirc;y l&agrave; một số b&aacute;c sĩ chỉnh nha uy t&iacute;n, nổi tiếng c&oacute; th&acirc;m ni&ecirc;n tr&ecirc;n 20 năm trong lĩnh vực chỉnh nha được t&igrave;m kiếm nhiều nhất hiện nay:</p>\r\n<div class=\"row\" style=\"box-sizing: border-box; --bs-gutter-x: 1.5rem; --bs-gutter-y: 0; display: flex; flex-wrap: wrap; margin-top: calc(var(--bs-gutter-y) * -1); margin-right: calc(var(--bs-gutter-x)/ -2); margin-left: calc(var(--bs-gutter-x)/ -2); color: #212529; font-family: poppins, sans-serif; font-size: 16px; background-color: #ffffff;\">\r\n<div class=\"col-lg-6\" style=\"box-sizing: border-box; flex: 0 0 auto; width: 640px; max-width: 100%; padding-right: calc(var(--bs-gutter-x)/ 2); padding-left: calc(var(--bs-gutter-x)/ 2); margin-top: var(--bs-gutter-y);\">&nbsp;</div>\r\n</div>\r\n<div class=\"overview-text\" style=\"box-sizing: border-box; color: #212529; font-family: poppins, sans-serif; font-size: 16px; background-color: #ffffff;\">\r\n<p style=\"box-sizing: inherit; margin: 0px 0px 10px; text-align: justify; color: #000000; font-family: Quicksand, Arial, Helvetica; font-size: 18px;\">Tiến sĩ- B&aacute;c sĩ Trần Cao B&iacute;nh l&agrave; b&aacute;c sĩ răng h&agrave;m mặt giỏi ở H&agrave; Nội kh&aacute; nổi tiếng hiện nay v&igrave; chuy&ecirc;n m&ocirc;n, kinh nghiệm v&agrave; sự tận t&acirc;m, nhiệt huyết với nghề.</p>\r\n<p style=\"box-sizing: inherit; margin: 0px 0px 10px; text-align: justify; color: #000000; font-family: Quicksand, Arial, Helvetica; font-size: 18px;\">➢ Học vấn</p>\r\n<ul style=\"box-sizing: inherit; color: #000000; font-family: Quicksand, Arial, Helvetica; font-size: 18px;\">\r\n<li style=\"box-sizing: inherit;\">Tiến sĩ Đại học Y H&agrave; Nội chuy&ecirc;n ng&agrave;nh răng h&agrave;m mặt năm 2014</li>\r\n<li style=\"box-sizing: inherit;\">Tốt nghiệp lớp li&ecirc;n đại học Ph&aacute;p- Việt ni&ecirc;n kho&aacute; 2006-2008; 2016-2017 về c&aacute;c chuy&ecirc;n ng&agrave;nh n&acirc;ng cao như: nắn chỉnh răng, điều trị nội nha, phẫu thuật nha chu, răng trẻ em, implant, phục h&igrave;nh thẩm mỹ&hellip;</li>\r\n</ul>\r\n<p style=\"box-sizing: inherit; margin: 0px 0px 10px; text-align: justify; color: #000000; font-family: Quicksand, Arial, Helvetica; font-size: 18px;\">➢ Th&agrave;nh tựu nghề nghiệp</p>\r\n<ul style=\"box-sizing: inherit; color: #000000; font-family: Quicksand, Arial, Helvetica; font-size: 18px;\">\r\n<li style=\"box-sizing: inherit;\">Gi&aacute;m đốc hệ thống chuỗi hệ thống nha khoa ti&ecirc;u chuẩn Ph&aacute;p-&nbsp;<a style=\"box-sizing: inherit; background-color: transparent; text-decoration-line: none; color: #333333;\" title=\"Nha khoa Paris\" href=\"https://nhakhoaparis.vn/\">Nha khoa Paris</a>.</li>\r\n<li style=\"box-sizing: inherit;\">Th&agrave;nh vi&ecirc;n Hiệp hội implant thế giới (ICOI : International Congress of Oral Implantologists).</li>\r\n<li style=\"box-sizing: inherit;\">Th&agrave;nh vi&ecirc;n hiệp hội nha sĩ Mĩ&nbsp; (ADA: American Dental Association)</li>\r\n<li style=\"box-sizing: inherit;\">Th&agrave;nh vi&ecirc;n hiệp hội ITI (International Team for Implantology): Hiệp hội c&aacute;c nh&agrave;&nbsp;<a style=\"box-sizing: inherit; background-color: transparent; text-decoration-line: none; color: #333333;\" title=\"cấy gh&eacute;p Implant\" href=\"https://nhakhoaparis.vn/cay-ghep-rang-implant-giai-phap-hoi-sinh-rang-cao-cap-nhat-the-ky-21.html\">cấy gh&eacute;p Implant</a>&nbsp;của Thuỵ Sĩ, quy tụ nhiều b&aacute;c sĩ cấy gh&eacute;p implant giỏi tr&ecirc;n to&agrave;n thế giới, thường xuy&ecirc;n tổ chức c&aacute;c buổi chuy&ecirc;n đề trao đổi kinh nghiệm, hội chẩn c&aacute;c trường hợp implant nha khoa phức tạp.</li>\r\n</ul>\r\n<p style=\"box-sizing: inherit; margin: 0px 0px 10px; text-align: justify; color: #000000; font-family: Quicksand, Arial, Helvetica; font-size: 18px;\">➢ Kinh nghiệm</p>\r\n<ul style=\"box-sizing: inherit; color: #000000; font-family: Quicksand, Arial, Helvetica; font-size: 18px;\">\r\n<li style=\"box-sizing: inherit;\">Tr&ecirc;n 20 năm kinh nghiệm trong lĩnh vực chỉnh nha, thẩm mỹ răng h&agrave;m mặt tại Việt Nam v&agrave; nước ngo&agrave;i.</li>\r\n</ul>\r\n</div>', '2021-12-22 10:04:33', '2021-12-22 10:04:33', '<ul style=\"box-sizing: border-box; list-style-position: initial; list-style-image: initial; margin-top: 0px; padding: 0px; margin-bottom: 1.3em; color: #777777; font-family: Roboto, sans-serif; font-size: 16px; background-color: #ffffff;\">\r\n<li style=\"box-sizing: border-box; margin-bottom: 0.6em; margin-left: 1.3em;\">Tốt nghiệp chuy&ecirc;n khoa RHM năm 1982 tại Đại Học Y H&agrave; Nội</li>\r\n<li style=\"box-sizing: border-box; margin-bottom: 0.6em; margin-left: 1.3em;\">Bảo vệ luận văn Thạc Sĩ RHM năm 2001 tại Đại Học Y H&agrave; Nội lại xuất sắc với đề t&agrave;i &ldquo;H&Igrave;NH TH&Aacute;I RĂNG KH&Ocirc;N Ở NGƯỜI TRƯỞNG TH&Agrave;NH&rdquo;</li>\r\n<li style=\"box-sizing: border-box; margin-bottom: 0.6em; margin-left: 1.3em;\">Bảo vệ luận &aacute;n Tiến Sĩ RHM năm 2013 tại Đại Học Y H&agrave; Nội với đề t&agrave;i &ldquo;SỬ DỤNG NẸP V&Iacute;T TỪ TR&Ecirc;N NGƯỜI G&Atilde;Y XƯƠNG H&Agrave;M DƯỚI&rdquo; &ndash; chuy&ecirc;n ng&agrave;nh Phẫu Thuật H&agrave;m Mặt</li>\r\n<li style=\"box-sizing: border-box; margin-bottom: 0.6em; margin-left: 1.3em;\">Nguy&ecirc;n Ph&oacute; trưởng khoa RHM tại Bệnh Viện E từ năm 2005</li>\r\n<li style=\"box-sizing: border-box; margin-bottom: 0.6em; margin-left: 1.3em;\">Nguy&ecirc;n Ph&oacute; trưởng ph&ograve;ng Kế hoạch tổng hợp Bệnh Viện E từ năm 2008</li>\r\n<li style=\"box-sizing: border-box; margin-bottom: 0.6em; margin-left: 1.3em;\">Quyền Trưởng ph&ograve;ng Kế hoạch tổng hợp Bệnh Viện E từ 5/2009</li>\r\n<li style=\"box-sizing: border-box; margin-bottom: 0.6em; margin-left: 1.3em;\">Trưởng ph&ograve;ng Kế hoạch tổng hợp Bệnh Viện E từ 1/2010 &ndash; 9/2019</li>\r\n</ul>'),
(5, 'PHẠM THANH HÀ', 'img\\61c1957696c6c-1.jpg', 'Phó Giám đốc phụ trách chuyên môn', '<p style=\"box-sizing: inherit; margin: 0px 0px 10px; text-align: justify; font-family: Quicksand, Arial, Helvetica; font-size: 18px;\">Một b&aacute;c sĩ&nbsp;<a style=\"box-sizing: inherit; text-decoration-line: none; color: #0000ff; font-weight: 600;\" title=\"nha khoa\" href=\"https://nhakhoaparis.vn/\">nha khoa</a>&nbsp;giỏi ở H&agrave; Nội hay TP.HCM th&igrave; b&ecirc;n cạnh bằng cấp, th&agrave;nh tựu nghề nghiệp, yếu tố t&acirc;m đức, nhiệt t&igrave;nh với bệnh nh&acirc;n cũng phải được đặt l&ecirc;n l&agrave;m đầu.</p>\r\n<p style=\"box-sizing: inherit; margin: 0px 0px 10px; text-align: justify; font-family: Quicksand, Arial, Helvetica; font-size: 18px;\">Dưới đ&acirc;y l&agrave; một số b&aacute;c sĩ chỉnh nha uy t&iacute;n, nổi tiếng c&oacute; th&acirc;m ni&ecirc;n tr&ecirc;n 20 năm trong lĩnh vực chỉnh nha được t&igrave;m kiếm nhiều nhất hiện nay:</p>\r\n<div class=\"row\" style=\"box-sizing: border-box; --bs-gutter-x: 1.5rem; --bs-gutter-y: 0; display: flex; flex-wrap: wrap; margin-top: calc(var(--bs-gutter-y) * -1); margin-right: calc(var(--bs-gutter-x)/ -2); margin-left: calc(var(--bs-gutter-x)/ -2); color: #212529; font-family: poppins, sans-serif; font-size: 16px; background-color: #ffffff;\">\r\n<div class=\"col-lg-6\" style=\"box-sizing: border-box; flex: 0 0 auto; width: 640px; max-width: 100%; padding-right: calc(var(--bs-gutter-x)/ 2); padding-left: calc(var(--bs-gutter-x)/ 2); margin-top: var(--bs-gutter-y);\">&nbsp;</div>\r\n</div>\r\n<div class=\"overview-text\" style=\"box-sizing: border-box; color: #212529; font-family: poppins, sans-serif; font-size: 16px; background-color: #ffffff;\">\r\n<p style=\"box-sizing: inherit; margin: 0px 0px 10px; text-align: justify; color: #000000; font-family: Quicksand, Arial, Helvetica; font-size: 18px;\">Tiến sĩ- B&aacute;c sĩ Trần Cao B&iacute;nh l&agrave; b&aacute;c sĩ răng h&agrave;m mặt giỏi ở H&agrave; Nội kh&aacute; nổi tiếng hiện nay v&igrave; chuy&ecirc;n m&ocirc;n, kinh nghiệm v&agrave; sự tận t&acirc;m, nhiệt huyết với nghề.</p>\r\n<p style=\"box-sizing: inherit; margin: 0px 0px 10px; text-align: justify; color: #000000; font-family: Quicksand, Arial, Helvetica; font-size: 18px;\">➢ Học vấn</p>\r\n<ul style=\"box-sizing: inherit; color: #000000; font-family: Quicksand, Arial, Helvetica; font-size: 18px;\">\r\n<li style=\"box-sizing: inherit;\">Tiến sĩ Đại học Y H&agrave; Nội chuy&ecirc;n ng&agrave;nh răng h&agrave;m mặt năm 2014</li>\r\n<li style=\"box-sizing: inherit;\">Tốt nghiệp lớp li&ecirc;n đại học Ph&aacute;p- Việt ni&ecirc;n kho&aacute; 2006-2008; 2016-2017 về c&aacute;c chuy&ecirc;n ng&agrave;nh n&acirc;ng cao như: nắn chỉnh răng, điều trị nội nha, phẫu thuật nha chu, răng trẻ em, implant, phục h&igrave;nh thẩm mỹ&hellip;</li>\r\n</ul>\r\n<p style=\"box-sizing: inherit; margin: 0px 0px 10px; text-align: justify; color: #000000; font-family: Quicksand, Arial, Helvetica; font-size: 18px;\">➢ Th&agrave;nh tựu nghề nghiệp</p>\r\n<ul style=\"box-sizing: inherit; color: #000000; font-family: Quicksand, Arial, Helvetica; font-size: 18px;\">\r\n<li style=\"box-sizing: inherit;\">Gi&aacute;m đốc hệ thống chuỗi hệ thống nha khoa ti&ecirc;u chuẩn Ph&aacute;p-&nbsp;<a style=\"box-sizing: inherit; background-color: transparent; text-decoration-line: none; color: #333333;\" title=\"Nha khoa Paris\" href=\"https://nhakhoaparis.vn/\">Nha khoa Paris</a>.</li>\r\n<li style=\"box-sizing: inherit;\">Th&agrave;nh vi&ecirc;n Hiệp hội implant thế giới (ICOI : International Congress of Oral Implantologists).</li>\r\n<li style=\"box-sizing: inherit;\">Th&agrave;nh vi&ecirc;n hiệp hội nha sĩ Mĩ&nbsp; (ADA: American Dental Association)</li>\r\n<li style=\"box-sizing: inherit;\">Th&agrave;nh vi&ecirc;n hiệp hội ITI (International Team for Implantology): Hiệp hội c&aacute;c nh&agrave;&nbsp;<a style=\"box-sizing: inherit; background-color: transparent; text-decoration-line: none; color: #333333;\" title=\"cấy gh&eacute;p Implant\" href=\"https://nhakhoaparis.vn/cay-ghep-rang-implant-giai-phap-hoi-sinh-rang-cao-cap-nhat-the-ky-21.html\">cấy gh&eacute;p Implant</a>&nbsp;của Thuỵ Sĩ, quy tụ nhiều b&aacute;c sĩ cấy gh&eacute;p implant giỏi tr&ecirc;n to&agrave;n thế giới, thường xuy&ecirc;n tổ chức c&aacute;c buổi chuy&ecirc;n đề trao đổi kinh nghiệm, hội chẩn c&aacute;c trường hợp implant nha khoa phức tạp.</li>\r\n</ul>\r\n<p style=\"box-sizing: inherit; margin: 0px 0px 10px; text-align: justify; color: #000000; font-family: Quicksand, Arial, Helvetica; font-size: 18px;\">➢ Kinh nghiệm</p>\r\n<ul style=\"box-sizing: inherit; color: #000000; font-family: Quicksand, Arial, Helvetica; font-size: 18px;\">\r\n<li style=\"box-sizing: inherit;\">Tr&ecirc;n 20 năm kinh nghiệm trong lĩnh vực chỉnh nha, thẩm mỹ răng h&agrave;m mặt tại Việt Nam v&agrave; nước ngo&agrave;i.</li>\r\n</ul>\r\n</div>', '2021-12-22 10:04:40', '2021-12-22 10:04:40', '<ul style=\"box-sizing: border-box; list-style-position: initial; list-style-image: initial; margin-top: 0px; padding: 0px; margin-bottom: 1.3em; color: #777777; font-family: Roboto, sans-serif; font-size: 16px; background-color: #ffffff;\">\r\n<li style=\"box-sizing: border-box; margin-bottom: 0.6em; margin-left: 1.3em;\">Tốt nghiệp chuy&ecirc;n khoa RHM năm 1982 tại Đại Học Y H&agrave; Nội</li>\r\n<li style=\"box-sizing: border-box; margin-bottom: 0.6em; margin-left: 1.3em;\">Bảo vệ luận văn Thạc Sĩ RHM năm 2001 tại Đại Học Y H&agrave; Nội lại xuất sắc với đề t&agrave;i &ldquo;H&Igrave;NH TH&Aacute;I RĂNG KH&Ocirc;N Ở NGƯỜI TRƯỞNG TH&Agrave;NH&rdquo;</li>\r\n<li style=\"box-sizing: border-box; margin-bottom: 0.6em; margin-left: 1.3em;\">Bảo vệ luận &aacute;n Tiến Sĩ RHM năm 2013 tại Đại Học Y H&agrave; Nội với đề t&agrave;i &ldquo;SỬ DỤNG NẸP V&Iacute;T TỪ TR&Ecirc;N NGƯỜI G&Atilde;Y XƯƠNG H&Agrave;M DƯỚI&rdquo; &ndash; chuy&ecirc;n ng&agrave;nh Phẫu Thuật H&agrave;m Mặt</li>\r\n<li style=\"box-sizing: border-box; margin-bottom: 0.6em; margin-left: 1.3em;\">Nguy&ecirc;n Ph&oacute; trưởng khoa RHM tại Bệnh Viện E từ năm 2005</li>\r\n<li style=\"box-sizing: border-box; margin-bottom: 0.6em; margin-left: 1.3em;\">Nguy&ecirc;n Ph&oacute; trưởng ph&ograve;ng Kế hoạch tổng hợp Bệnh Viện E từ năm 2008</li>\r\n<li style=\"box-sizing: border-box; margin-bottom: 0.6em; margin-left: 1.3em;\">Quyền Trưởng ph&ograve;ng Kế hoạch tổng hợp Bệnh Viện E từ 5/2009</li>\r\n<li style=\"box-sizing: border-box; margin-bottom: 0.6em; margin-left: 1.3em;\">Trưởng ph&ograve;ng Kế hoạch tổng hợp Bệnh Viện E từ 1/2010 &ndash; 9/2019</li>\r\n</ul>');

-- --------------------------------------------------------

--
-- Cấu trúc bảng cho bảng `doctor_services`
--

CREATE TABLE `doctor_services` (
  `id` int(11) NOT NULL,
  `doctor_id` int(11) DEFAULT NULL,
  `service_id` int(11) DEFAULT NULL,
  `created_at` timestamp NULL DEFAULT NULL,
  `updated_at` timestamp NULL DEFAULT NULL
) ENGINE=MyISAM DEFAULT CHARSET=latin1;

--
-- Đang đổ dữ liệu cho bảng `doctor_services`
--

INSERT INTO `doctor_services` (`id`, `doctor_id`, `service_id`, `created_at`, `updated_at`) VALUES
(157, 38, 39, '2021-12-18 08:52:07', '2021-12-18 08:52:07'),
(132, 36, 39, '2021-12-09 02:53:40', '2021-12-09 02:53:40'),
(131, 36, 5, '2021-12-09 02:53:40', '2021-12-09 02:53:40'),
(187, 35, 39, '2021-12-22 16:43:35', '2021-12-22 16:43:35'),
(156, 38, 5, '2021-12-18 08:52:07', '2021-12-18 08:52:07'),
(155, 38, 2, '2021-12-18 08:52:06', '2021-12-18 08:52:06'),
(192, 37, 45, '2021-12-22 16:43:49', '2021-12-22 16:43:49'),
(191, 37, 44, '2021-12-22 16:43:49', '2021-12-22 16:43:49'),
(186, 35, 5, '2021-12-22 16:43:35', '2021-12-22 16:43:35'),
(190, 37, 39, '2021-12-22 16:43:49', '2021-12-22 16:43:49'),
(121, 101, 39, '2021-12-08 14:12:52', '2021-12-08 14:12:52'),
(184, 34, 46, '2021-12-22 16:43:19', '2021-12-22 16:43:19'),
(183, 34, 45, '2021-12-22 16:43:19', '2021-12-22 16:43:19'),
(185, 35, 2, '2021-12-22 16:43:35', '2021-12-22 16:43:35'),
(125, 99, 5, '2021-12-08 14:29:50', '2021-12-08 14:29:50'),
(124, 99, 2, '2021-12-08 14:29:50', '2021-12-08 14:29:50'),
(137, 93, 39, '2021-12-09 14:38:09', '2021-12-09 14:38:09'),
(182, 34, 44, '2021-12-22 16:43:19', '2021-12-22 16:43:19'),
(181, 34, 39, '2021-12-22 16:43:19', '2021-12-22 16:43:19'),
(180, 34, 5, '2021-12-22 16:43:19', '2021-12-22 16:43:19'),
(179, 34, 2, '2021-12-22 16:43:19', '2021-12-22 16:43:19'),
(189, 37, 5, '2021-12-22 16:43:49', '2021-12-22 16:43:49'),
(188, 37, 2, '2021-12-22 16:43:49', '2021-12-22 16:43:49'),
(193, 41, 2, '2021-12-23 04:26:04', '2021-12-23 04:26:04'),
(194, 41, 39, '2021-12-23 04:26:04', '2021-12-23 04:26:04'),
(195, 41, 44, '2021-12-23 04:26:04', '2021-12-23 04:26:04'),
(196, 41, 45, '2021-12-23 04:26:04', '2021-12-23 04:26:04'),
(197, 41, 46, '2021-12-23 04:26:04', '2021-12-23 04:26:04');

-- --------------------------------------------------------

--
-- Cấu trúc bảng cho bảng `failed_jobs`
--

CREATE TABLE `failed_jobs` (
  `id` bigint(20) UNSIGNED NOT NULL,
  `uuid` varchar(191) COLLATE utf8mb4_unicode_ci NOT NULL,
  `connection` text COLLATE utf8mb4_unicode_ci NOT NULL,
  `queue` text COLLATE utf8mb4_unicode_ci NOT NULL,
  `payload` longtext COLLATE utf8mb4_unicode_ci NOT NULL,
  `exception` longtext COLLATE utf8mb4_unicode_ci NOT NULL,
  `failed_at` timestamp NOT NULL DEFAULT current_timestamp()
) ENGINE=InnoDB DEFAULT CHARSET=utf8mb4 COLLATE=utf8mb4_unicode_ci;

-- --------------------------------------------------------

--
-- Cấu trúc bảng cho bảng `migrations`
--

CREATE TABLE `migrations` (
  `id` int(10) UNSIGNED NOT NULL,
  `migration` varchar(255) COLLATE utf8mb4_unicode_ci NOT NULL,
  `batch` int(11) NOT NULL
) ENGINE=InnoDB DEFAULT CHARSET=utf8mb4 COLLATE=utf8mb4_unicode_ci;

--
-- Đang đổ dữ liệu cho bảng `migrations`
--

INSERT INTO `migrations` (`id`, `migration`, `batch`) VALUES
(1, '2014_10_12_000000_create_users_table', 1),
(2, '2014_10_12_100000_create_password_resets_table', 1),
(3, '2019_08_19_000000_create_failed_jobs_table', 1),
(4, '2019_12_14_000001_create_personal_access_tokens_table', 1),
(5, '2021_10_15_013520_create_session_users_table', 1),
(6, '2021_10_22_032546_create_sessions_table', 2),
(7, '2021_11_03_134921_create_events_table', 3),
(8, '2021_11_30_102432_add_column_user_table', 4);

-- --------------------------------------------------------

--
-- Cấu trúc bảng cho bảng `services`
--

CREATE TABLE `services` (
  `id` int(11) NOT NULL,
  `name` varchar(255) COLLATE utf8mb4_unicode_520_ci NOT NULL,
  `title` varchar(255) COLLATE utf8mb4_unicode_520_ci NOT NULL,
  `image` varchar(255) COLLATE utf8mb4_unicode_520_ci NOT NULL,
  `description` text COLLATE utf8mb4_unicode_520_ci NOT NULL,
  `price` int(11) NOT NULL,
  `status` int(11) NOT NULL,
  `created_at` timestamp NOT NULL DEFAULT current_timestamp(),
  `updated_at` timestamp NOT NULL DEFAULT current_timestamp(),
  `time` varchar(50) COLLATE utf8mb4_unicode_520_ci NOT NULL
) ENGINE=InnoDB DEFAULT CHARSET=utf8mb4 COLLATE=utf8mb4_unicode_520_ci;

--
-- Đang đổ dữ liệu cho bảng `services`
--

INSERT INTO `services` (`id`, `name`, `title`, `image`, `description`, `price`, `status`, `created_at`, `updated_at`, `time`) VALUES
(2, 'Cấy ghép Implant', 'Cấy ghép Implant là giải pháp phục hồi răng bị mất hiệu quả nhất bởi không chỉ giúp khôi phục thẩm mỹ hàm răng, đảm bảo khả năng ăn nhai bình thường, mà răng Implant còn có khả năng duy trì bền vững với nhiều ưu điểm vượt trội.', 'img\\6189e0c568cb5-cay-ghep-implant-nha-khoa-kim-2.jpg', '<h2 style=\"box-sizing: border-box; margin-top: 0px; margin-bottom: 0.5rem; font-weight: 400; line-height: 1.5; font-size: 24px; color: #f6921e; font-family: Roboto, sans-serif; background-color: #ffffff; text-align: justify;\"><span style=\"box-sizing: border-box; font-size: 20px; color: #ff9900;\"><span style=\"box-sizing: border-box; font-weight: bolder;\">Cấy gh&eacute;p Implant l&agrave; g&igrave;? Những trường hợp n&agrave;o n&ecirc;n cấy gh&eacute;p Implant?</span></span></h2>\r\n<h3 style=\"box-sizing: border-box; margin-top: 0px; margin-bottom: 0.5rem; line-height: 1.5; font-size: 20px; color: #30374b; font-family: Roboto, sans-serif; background-color: #ffffff; text-align: justify;\"><span id=\"Cay_ghep_Implant_la_gi\" class=\"ez-toc-section\" style=\"box-sizing: border-box;\"></span><span style=\"box-sizing: border-box; font-weight: bolder;\">Cấy gh&eacute;p Implant l&agrave; g&igrave;?</span></h3>\r\n<p style=\"box-sizing: border-box; color: #404a64; font-size: 17.6px; overflow-wrap: break-word; font-family: Roboto, sans-serif; background-color: #ffffff; text-align: justify; margin-top: 0px !important; margin-bottom: 1rem !important; line-height: 1.5 !important;\"><span style=\"box-sizing: border-box;\"><a style=\"box-sizing: border-box; color: #017afd; text-decoration-line: none; background-color: transparent;\" href=\"https://nhakhoakim.com/trong-rang-implant.html\">Cấy gh&eacute;p Implant</a>&nbsp;(c&aacute;c t&ecirc;n gọi kh&aacute;c: trồng răng Implant, cắm Implant&hellip;)&nbsp;</span>l&agrave; phương ph&aacute;p d&ugrave;ng một trụ ch&acirc;n răng nh&acirc;n tạo bằng Titanium đặt v&agrave;o trong xương h&agrave;m tại vị tr&iacute; răng đ&atilde; mất. Trụ ch&acirc;n răng n&agrave;y sẽ thay thế ch&acirc;n răng thật, sau đ&oacute; d&ugrave;ng răng sứ gắn l&ecirc;n trụ răng Implant tạo th&agrave;nh răng ho&agrave;n chỉnh.</p>\r\n<p style=\"box-sizing: border-box; color: #404a64; font-size: 17.6px; overflow-wrap: break-word; font-family: Roboto, sans-serif; background-color: #ffffff; margin-top: 0px !important; margin-bottom: 1rem !important; line-height: 1.5 !important;\"><img class=\"aligncenter wp-image-34898 img-fluid\" style=\"box-sizing: border-box; vertical-align: middle; border-style: none; max-width: 100%; height: auto; clear: both; display: block; margin: 6px auto; text-align: center;\" src=\"https://nhakhoakim.com/wp-content/uploads/2018/01/cay-ghep-implant-nha-khoa-kim-2.jpg\" sizes=\"(max-width: 700px) 100vw, 700px\" srcset=\"https://nhakhoakim.com/wp-content/uploads/2018/01/cay-ghep-implant-nha-khoa-kim-2.jpg 701w, https://nhakhoakim.com/wp-content/uploads/2018/01/cay-ghep-implant-nha-khoa-kim-2-555x397.jpg 555w, https://nhakhoakim.com/wp-content/uploads/2018/01/cay-ghep-implant-nha-khoa-kim-2-20x14.jpg 20w\" alt=\"cấy gh&eacute;p implant phục hồi răng mất\" width=\"700\" height=\"500\" data-src=\"https://nhakhoakim.com/wp-content/uploads/2018/01/cay-ghep-implant-nha-khoa-kim-2.jpg\" data-srcset=\"https://nhakhoakim.com/wp-content/uploads/2018/01/cay-ghep-implant-nha-khoa-kim-2.jpg 701w, https://nhakhoakim.com/wp-content/uploads/2018/01/cay-ghep-implant-nha-khoa-kim-2-555x397.jpg 555w, https://nhakhoakim.com/wp-content/uploads/2018/01/cay-ghep-implant-nha-khoa-kim-2-20x14.jpg 20w\" data-sizes=\"(max-width: 700px) 100vw, 700px\" data-style=\"\" data-l=\"\" /></p>\r\n<p style=\"box-sizing: border-box; color: #404a64; font-size: 17.6px; overflow-wrap: break-word; font-family: Roboto, sans-serif; background-color: #ffffff; text-align: center; margin-top: 0px !important; margin-bottom: 1rem !important; line-height: 1.5 !important;\"><span style=\"box-sizing: border-box; font-size: 14px;\"><em style=\"box-sizing: border-box; display: block;\">Cấy gh&eacute;p Implant l&agrave; phương ph&aacute;p phục hồi răng bị mất hiệu quả</em></span></p>\r\n<h3 style=\"box-sizing: border-box; margin-top: 0px; margin-bottom: 0.5rem; line-height: 1.5; font-size: 20px; color: #30374b; font-family: Roboto, sans-serif; background-color: #ffffff;\"><span id=\"Nhung_truong_hop_nen_cay_ghep_Implant\" class=\"ez-toc-section\" style=\"box-sizing: border-box;\"></span><span style=\"box-sizing: border-box; font-weight: bolder;\">Những trường hợp n&ecirc;n cấy gh&eacute;p Implant</span></h3>\r\n<p style=\"box-sizing: border-box; color: #404a64; font-size: 17.6px; overflow-wrap: break-word; font-family: Roboto, sans-serif; background-color: #ffffff; text-align: justify; margin-top: 0px !important; margin-bottom: 1rem !important; line-height: 1.5 !important;\"><span style=\"box-sizing: border-box;\">Cấy gh&eacute;p Implant c&oacute; khả năng phục hồi răng mang lại hiệu quả cải thiện tốt như mong đợi cho kh&aacute;ch h&agrave;ng trong c&aacute;c trường hợp sau:</span></p>\r\n<ul style=\"box-sizing: border-box; margin-top: 0px; margin-bottom: 1rem; font-size: 16px; color: #30374b; font-family: Roboto, sans-serif; background-color: #ffffff; text-align: justify;\">\r\n<li style=\"box-sizing: border-box;\" aria-level=\"1\"><span style=\"box-sizing: border-box;\">Mất 1 răng</span></li>\r\n<li style=\"box-sizing: border-box;\" aria-level=\"1\"><span style=\"box-sizing: border-box;\">Mất nhiều răng</span></li>\r\n<li style=\"box-sizing: border-box;\" aria-level=\"1\"><span style=\"box-sizing: border-box;\">Mất răng to&agrave;n h&agrave;m</span></li>\r\n<li style=\"box-sizing: border-box;\" aria-level=\"1\">Hư ch&acirc;n răng</li>\r\n</ul>\r\n<h2 style=\"box-sizing: border-box; margin-top: 0px; margin-bottom: 0.5rem; font-weight: 400; line-height: 1.5; font-size: 24px; color: #f6921e; font-family: Roboto, sans-serif; background-color: #ffffff; text-align: justify;\"><span id=\"Uu_diem_vuot_troi_cua_phuong_phap_cay_ghep_rang_Implant\" class=\"ez-toc-section\" style=\"box-sizing: border-box;\"></span><span style=\"box-sizing: border-box; font-size: 20px; color: #ff9900;\"><span style=\"box-sizing: border-box; font-weight: bolder;\">Ưu điểm vượt trội của phương ph&aacute;p cấy gh&eacute;p răng Implant</span></span></h2>\r\n<div class=\"table-responsive\" style=\"box-sizing: border-box; width: 825px; overflow-x: auto; color: #30374b; font-family: Roboto, sans-serif; font-size: 17.6px; background-color: #ffffff;\">\r\n<div class=\"table-responsive\" style=\"box-sizing: border-box; width: 825px; overflow-x: auto;\">\r\n<table class=\"table\" style=\"margin-bottom: 1rem; width: 825px; border-bottom: 1px solid #999999; max-width: 100%;\">\r\n<thead style=\"box-sizing: border-box;\">\r\n<tr style=\"box-sizing: border-box;\">\r\n<th style=\"box-sizing: border-box; text-align: center; vertical-align: bottom; padding: 0.75rem; border-left-color: #999999; border-top-color: #8f9ab7; border-bottom-width: 2px; border-bottom-color: #8f9ab7; color: #ffffff; font-size: 16px; background: #005f9d !important;\" scope=\"col\">&nbsp;</th>\r\n<th style=\"box-sizing: border-box; text-align: center; vertical-align: bottom; padding: 0.75rem; border-left-color: #999999; border-top-color: #8f9ab7; border-bottom-width: 2px; border-bottom-color: #8f9ab7; color: #ffffff; font-size: 16px; background: #005f9d !important;\" scope=\"col\">H&agrave;m giả th&aacute;o lắp</th>\r\n<th style=\"box-sizing: border-box; text-align: center; vertical-align: bottom; padding: 0.75rem; border-left-color: #999999; border-top-color: #8f9ab7; border-bottom-width: 2px; border-bottom-color: #8f9ab7; color: #ffffff; font-size: 16px; background: #005f9d !important;\" scope=\"col\">Cầu răng sứ</th>\r\n<th style=\"box-sizing: border-box; text-align: center; vertical-align: bottom; padding: 0.75rem; border-bottom-width: 2px; border-color: #8f9ab7 #999999; color: #ffffff; font-size: 16px; background: #005f9d !important;\" scope=\"col\">Cấy gh&eacute;p Implant</th>\r\n</tr>\r\n</thead>\r\n<tbody style=\"box-sizing: border-box;\">\r\n<tr style=\"box-sizing: border-box;\">\r\n<td style=\"box-sizing: border-box; vertical-align: top; padding: 0.75rem; border-right-color: #999999; border-top-color: #8f9ab7; font-size: 14px; border-left-color: #999999;\"><span style=\"box-sizing: border-box; font-weight: 600;\">Ưu điểm</span></td>\r\n<td style=\"box-sizing: border-box; vertical-align: top; padding: 0.75rem; border-right-color: #999999; border-top-color: #8f9ab7; font-size: 14px;\">\r\n<p style=\"box-sizing: border-box; margin-top: 0px !important; margin-bottom: 1rem !important; color: #404a64; line-height: 1.5 !important; font-size: 17.6px; overflow-wrap: break-word;\">&ndash; Đơn giản, dễ thực hiện trong thời gian ngắn.</p>\r\n<p style=\"box-sizing: border-box; margin-top: 0px !important; margin-bottom: 1rem !important; color: #404a64; line-height: 1.5 !important; font-size: 17.6px; overflow-wrap: break-word;\">&ndash; Ph&ugrave; hợp với người cao tuổi, sức khỏe yếu.</p>\r\n<p style=\"box-sizing: border-box; margin-top: 0px !important; margin-bottom: 1rem !important; color: #404a64; line-height: 1.5 !important; font-size: 17.6px; overflow-wrap: break-word;\">&ndash; Chi ph&iacute; thấp.</p>\r\n</td>\r\n<td style=\"box-sizing: border-box; vertical-align: top; padding: 0.75rem; border-right-color: #999999; border-top-color: #8f9ab7; font-size: 14px;\">\r\n<p style=\"box-sizing: border-box; margin-top: 0px !important; margin-bottom: 1rem !important; color: #404a64; line-height: 1.5 !important; font-size: 17.6px; overflow-wrap: break-word;\">&ndash; Đẹp tự nhi&ecirc;n hơn h&agrave;m giả th&aacute;o lắp.</p>\r\n<p style=\"box-sizing: border-box; margin-top: 0px !important; margin-bottom: 1rem !important; color: #404a64; line-height: 1.5 !important; font-size: 17.6px; overflow-wrap: break-word;\">&ndash; Chức năng ăn nhai tốt hơn h&agrave;m giả th&aacute;o lắp.</p>\r\n</td>\r\n<td style=\"box-sizing: border-box; vertical-align: top; padding: 0.75rem; border-right-color: #999999; border-top-color: #8f9ab7; font-size: 14px;\">\r\n<p style=\"box-sizing: border-box; margin-top: 0px !important; margin-bottom: 1rem !important; color: #404a64; line-height: 1.5 !important; font-size: 17.6px; overflow-wrap: break-word;\">&ndash; Thẩm mỹ đẹp: răng được phục h&igrave;nh c&oacute; h&igrave;nh d&aacute;ng đẹp như răng thật.</p>\r\n<p style=\"box-sizing: border-box; margin-top: 0px !important; margin-bottom: 1rem !important; color: #404a64; line-height: 1.5 !important; font-size: 17.6px; overflow-wrap: break-word;\">&ndash; Chức năng ăn nhai tốt v&agrave; tự nhi&ecirc;n như răng thật.</p>\r\n<p style=\"box-sizing: border-box; margin-top: 0px !important; margin-bottom: 1rem !important; color: #404a64; line-height: 1.5 !important; font-size: 17.6px; overflow-wrap: break-word;\">&ndash; Khắc phục ti&ecirc;u xương ổ răng.</p>\r\n<p style=\"box-sizing: border-box; margin-top: 0px !important; margin-bottom: 1rem !important; color: #404a64; line-height: 1.5 !important; font-size: 17.6px; overflow-wrap: break-word;\">&ndash; Kh&ocirc;ng x&acirc;m lấn, bảo tồn răng thật.</p>\r\n<p style=\"box-sizing: border-box; margin-top: 0px !important; margin-bottom: 1rem !important; color: #404a64; line-height: 1.5 !important; font-size: 17.6px; overflow-wrap: break-word;\">&ndash; Chi ph&iacute; hợp l&yacute; so với độ bền l&acirc;u d&agrave;i.</p>\r\n</td>\r\n</tr>\r\n<tr style=\"box-sizing: border-box;\">\r\n<td style=\"box-sizing: border-box; vertical-align: top; padding: 0.75rem; border-right-color: #999999; border-top-color: #8f9ab7; font-size: 14px; border-left-color: #999999;\"><span style=\"box-sizing: border-box; font-weight: 600;\">Khuyết điểm</span></td>\r\n<td style=\"box-sizing: border-box; vertical-align: top; padding: 0.75rem; border-right-color: #999999; border-top-color: #8f9ab7; font-size: 14px;\">\r\n<p style=\"box-sizing: border-box; margin-top: 0px !important; margin-bottom: 1rem !important; color: #404a64; line-height: 1.5 !important; font-size: 17.6px; overflow-wrap: break-word;\">&ndash; Lực nhai yếu, kh&ocirc;ng nhai được đồ cứng, dai.</p>\r\n<p style=\"box-sizing: border-box; margin-top: 0px !important; margin-bottom: 1rem !important; color: #404a64; line-height: 1.5 !important; font-size: 17.6px; overflow-wrap: break-word;\">&ndash; Vướng v&iacute;u, bất tiện do phải vệ sinh thường xuy&ecirc;n.</p>\r\n<p style=\"box-sizing: border-box; margin-top: 0px !important; margin-bottom: 1rem !important; color: #404a64; line-height: 1.5 !important; font-size: 17.6px; overflow-wrap: break-word;\">&ndash; Thời gian d&agrave;i sẽ g&acirc;y ti&ecirc;u xương h&agrave;m, tụt nướu, gương mặt l&atilde;o h&oacute;a sớm.</p>\r\n</td>\r\n<td style=\"box-sizing: border-box; vertical-align: top; padding: 0.75rem; border-right-color: #999999; border-top-color: #8f9ab7; font-size: 14px;\">\r\n<p style=\"box-sizing: border-box; margin-top: 0px !important; margin-bottom: 1rem !important; color: #404a64; line-height: 1.5 !important; font-size: 17.6px; overflow-wrap: break-word;\">&ndash; G&acirc;y tổn hại đến răng thật xung quanh.</p>\r\n<p style=\"box-sizing: border-box; margin-top: 0px !important; margin-bottom: 1rem !important; color: #404a64; line-height: 1.5 !important; font-size: 17.6px; overflow-wrap: break-word;\">&ndash; Thời gian d&agrave;i sẽ g&acirc;y ti&ecirc;u xương h&agrave;m, tụt nướu.</p>\r\n<p style=\"box-sizing: border-box; margin-top: 0px !important; margin-bottom: 1rem !important; color: #404a64; line-height: 1.5 !important; font-size: 17.6px; overflow-wrap: break-word;\">&ndash; Dễ g&acirc;y vi&ecirc;m nướu, h&ocirc;i miệng.</p>\r\n<p style=\"box-sizing: border-box; margin-top: 0px !important; margin-bottom: 1rem !important; color: #404a64; line-height: 1.5 !important; font-size: 17.6px; overflow-wrap: break-word;\">&ndash; Chi ph&iacute; cao v&agrave; khả năng l&agrave;m lại cao.</p>\r\n</td>\r\n<td style=\"box-sizing: border-box; vertical-align: top; padding: 0.75rem; border-right-color: #999999; border-top-color: #8f9ab7; font-size: 14px;\">\r\n<p style=\"box-sizing: border-box; margin-top: 0px !important; margin-bottom: 1rem !important; color: #404a64; line-height: 1.5 !important; font-size: 17.6px; overflow-wrap: break-word;\">&ndash; Thời gian điều trị d&agrave;i.</p>\r\n<p style=\"box-sizing: border-box; margin-top: 0px !important; margin-bottom: 1rem !important; color: #404a64; line-height: 1.5 !important; font-size: 17.6px; overflow-wrap: break-word;\">&ndash; Cần chăm s&oacute;c kỹ như răng thật.</p>\r\n</td>\r\n</tr>\r\n<tr style=\"box-sizing: border-box;\">\r\n<td style=\"box-sizing: border-box; vertical-align: top; padding: 0.75rem; border-right-color: #999999; border-top-color: #8f9ab7; font-size: 14px; border-left-color: #999999;\"><span style=\"box-sizing: border-box; font-weight: 600;\">Độ bền</span></td>\r\n<td style=\"box-sizing: border-box; vertical-align: top; padding: 0.75rem; border-right-color: #999999; border-top-color: #8f9ab7; font-size: 14px;\">\r\n<p style=\"box-sizing: border-box; margin-top: 0px !important; margin-bottom: 1rem !important; color: #404a64; line-height: 1.5 !important; font-size: 17.6px; overflow-wrap: break-word;\">&ndash; Thấp, 3-5 năm phải chỉnh hoặc thay h&agrave;m mới.</p>\r\n</td>\r\n<td style=\"box-sizing: border-box; vertical-align: top; padding: 0.75rem; border-right-color: #999999; border-top-color: #8f9ab7; font-size: 14px;\">\r\n<p style=\"box-sizing: border-box; margin-top: 0px !important; margin-bottom: 1rem !important; color: #404a64; line-height: 1.5 !important; font-size: 17.6px; overflow-wrap: break-word;\">&ndash; Từ 7-15 năm nếu chăm s&oacute;c tốt.</p>\r\n</td>\r\n<td style=\"box-sizing: border-box; vertical-align: top; padding: 0.75rem; border-right-color: #999999; border-top-color: #8f9ab7; font-size: 14px;\">\r\n<p style=\"box-sizing: border-box; margin-top: 0px !important; margin-bottom: 1rem !important; color: #404a64; line-height: 1.5 !important; font-size: 17.6px; overflow-wrap: break-word;\">&ndash; Gần như vĩnh viễn khi chăm s&oacute;c đ&uacute;ng c&aacute;ch.</p>\r\n</td>\r\n</tr>\r\n</tbody>\r\n</table>\r\n</div>\r\n</div>\r\n<div class=\"form-callback-required\" style=\"box-sizing: border-box; max-width: 320px; margin: auto; color: #30374b; font-family: Roboto, sans-serif; font-size: 17.6px; background-color: #ffffff; text-align: center;\">&nbsp;</div>\r\n<p style=\"box-sizing: border-box; color: #404a64; font-size: 17.6px; overflow-wrap: break-word; font-family: Roboto, sans-serif; background-color: #ffffff; margin-top: 0px !important; margin-bottom: 1rem !important; line-height: 1.5 !important;\">&nbsp;</p>\r\n<h2 style=\"box-sizing: border-box; margin-top: 0px; margin-bottom: 0.5rem; font-weight: 400; line-height: 1.5; font-size: 24px; color: #f6921e; font-family: Roboto, sans-serif; background-color: #ffffff; text-align: justify;\"><span id=\"Cac_phuong_phap_cay_ghep_Implant\" class=\"ez-toc-section\" style=\"box-sizing: border-box;\"></span><span style=\"box-sizing: border-box; font-size: 20px; color: #ff9900;\"><span style=\"box-sizing: border-box; font-weight: bolder;\">C&aacute;c phương ph&aacute;p cấy gh&eacute;p Implant</span></span></h2>\r\n<h3 style=\"box-sizing: border-box; margin-top: 0px; margin-bottom: 0.5rem; line-height: 1.5; font-size: 20px; color: #30374b; font-family: Roboto, sans-serif; background-color: #ffffff; text-align: justify;\"><span id=\"Tru_Implant_don_le\" class=\"ez-toc-section\" style=\"box-sizing: border-box;\"></span><span style=\"box-sizing: border-box; font-weight: bolder;\">Trụ Implant đơn lẻ</span></h3>\r\n<p style=\"box-sizing: border-box; color: #404a64; font-size: 17.6px; overflow-wrap: break-word; font-family: Roboto, sans-serif; background-color: #ffffff; text-align: justify; margin-top: 0px !important; margin-bottom: 1rem !important; line-height: 1.5 !important;\"><span style=\"box-sizing: border-box;\">Đối với trường hợp kh&aacute;ch h&agrave;ng bị mất một hoặc mất nhiều răng (nhưng c&aacute;c răng mất kh&ocirc;ng liền kề nhau) c&oacute; thể thực hiện phương ph&aacute;p trồng răng Implant đơn lẻ tại từng vị tr&iacute; răng đ&atilde; mất.</span></p>\r\n<p style=\"box-sizing: border-box; color: #404a64; font-size: 17.6px; overflow-wrap: break-word; font-family: Roboto, sans-serif; background-color: #ffffff; margin-top: 0px !important; margin-bottom: 1rem !important; line-height: 1.5 !important;\"><img class=\"aligncenter wp-image-34899 img-fluid\" style=\"box-sizing: border-box; vertical-align: middle; border-style: none; max-width: 100%; height: auto; clear: both; display: block; margin: 6px auto; text-align: center;\" src=\"https://nhakhoakim.com/wp-content/uploads/2018/01/cay-ghep-implant-nha-khoa-kim-8.jpg\" sizes=\"(max-width: 700px) 100vw, 700px\" srcset=\"https://nhakhoakim.com/wp-content/uploads/2018/01/cay-ghep-implant-nha-khoa-kim-8.jpg 701w, https://nhakhoakim.com/wp-content/uploads/2018/01/cay-ghep-implant-nha-khoa-kim-8-555x397.jpg 555w, https://nhakhoakim.com/wp-content/uploads/2018/01/cay-ghep-implant-nha-khoa-kim-8-20x14.jpg 20w\" alt=\"cấy gh&eacute;p implant đơn lẻ\" width=\"700\" height=\"500\" data-src=\"https://nhakhoakim.com/wp-content/uploads/2018/01/cay-ghep-implant-nha-khoa-kim-8.jpg\" data-srcset=\"https://nhakhoakim.com/wp-content/uploads/2018/01/cay-ghep-implant-nha-khoa-kim-8.jpg 701w, https://nhakhoakim.com/wp-content/uploads/2018/01/cay-ghep-implant-nha-khoa-kim-8-555x397.jpg 555w, https://nhakhoakim.com/wp-content/uploads/2018/01/cay-ghep-implant-nha-khoa-kim-8-20x14.jpg 20w\" data-sizes=\"(max-width: 700px) 100vw, 700px\" data-style=\"\" data-l=\"\" /></p>\r\n<p style=\"box-sizing: border-box; color: #404a64; font-size: 17.6px; overflow-wrap: break-word; font-family: Roboto, sans-serif; background-color: #ffffff; text-align: center; margin-top: 0px !important; margin-bottom: 1rem !important; line-height: 1.5 !important;\"><span style=\"box-sizing: border-box; font-size: 14px;\"><em style=\"box-sizing: border-box; display: block;\">Phương ph&aacute;p cấy gh&eacute;p Implant đơn lẻ</em></span></p>\r\n<h3 style=\"box-sizing: border-box; margin-top: 0px; margin-bottom: 0.5rem; line-height: 1.5; font-size: 20px; color: #30374b; font-family: Roboto, sans-serif; background-color: #ffffff; text-align: justify;\"><span id=\"Cau_rang_su_tren_Implant\" class=\"ez-toc-section\" style=\"box-sizing: border-box;\"></span><span style=\"box-sizing: border-box; font-weight: bolder;\">Cầu răng sứ tr&ecirc;n Implant</span></h3>\r\n<p style=\"box-sizing: border-box; color: #404a64; font-size: 17.6px; overflow-wrap: break-word; font-family: Roboto, sans-serif; background-color: #ffffff; text-align: justify; margin-top: 0px !important; margin-bottom: 1rem !important; line-height: 1.5 !important;\"><span style=\"box-sizing: border-box;\">Đối với trường hợp kh&aacute;ch h&agrave;ng bị mất 3 răng li&ecirc;n tiếp, b&aacute;c sĩ sẽ tiến h&agrave;nh cắm Implant ở 2 vị tr&iacute; mất răng ngo&agrave;i c&ugrave;ng, sau đ&oacute; bọc m&atilde;o sứ bắc cầu cho cả 3 răng. L&uacute;c n&agrave;y, 2 răng được trồng bằng trụ Implant sẽ l&agrave; 2 răng đỡ cho cả d&atilde;y 3 răng bị mất.</span></p>', 15000000, 1, '2021-10-08 20:06:03', '2022-01-05 16:39:35', '50'),
(5, 'Niềng răng thẩm mỹ', 'Niềng răng (chỉnh nha) là giải pháp tối ưu khắc phục hoàn toàn hô, móm, răng thưa, mọc lệch, khấp khểnh. Áp dụng các kỹ thuật niềng răng tiên tiến cùng đội ngũ bác sĩ chuyên gia', 'img\\61c194dcd722b-nieng.jpg', '<h2 style=\"box-sizing: border-box; margin-top: 0px; margin-bottom: 0.5rem; font-weight: 400; line-height: 1.5; font-size: 24px; color: #f6921e; font-family: Roboto, sans-serif; background-color: #ffffff; text-align: justify;\"><span style=\"box-sizing: border-box; font-weight: 600;\">Niềng răng l&agrave; g&igrave; v&agrave; trường hợp n&agrave;o n&ecirc;n niềng?<br style=\"box-sizing: border-box;\" /></span></h2>\r\n<h3 style=\"box-sizing: border-box; margin-top: 0px; margin-bottom: 0.5rem; line-height: 1.5; font-size: 20px; color: #30374b; font-family: Roboto, sans-serif; background-color: #ffffff;\"><span id=\"Nieng_rang_la_gi\" class=\"ez-toc-section\" style=\"box-sizing: border-box;\"></span>Niềng răng l&agrave; g&igrave;?</h3>\r\n<p style=\"box-sizing: border-box; color: #404a64; font-size: 17.6px; overflow-wrap: break-word; font-family: Roboto, sans-serif; background-color: #ffffff; text-align: justify; margin-top: 0px !important; margin-bottom: 1rem !important; line-height: 1.5 !important;\">Niềng răng l&agrave; phương ph&aacute;p sử dụng kh&iacute; cụ chuy&ecirc;n dụng được gắn cố định hoặc th&aacute;o lắp tr&ecirc;n răng để gi&uacute;p dịch chuyển v&agrave; sắp xếp răng về đ&uacute;ng vị tr&iacute;. Từ đ&oacute;, đảm bảo tạo lực k&eacute;o ổn định, gi&uacute;p răng dịch chuyển về đ&uacute;ng vị tr&iacute; v&agrave; mang lại cho kh&aacute;ch h&agrave;ng một h&agrave;m răng đều, đẹp, đảm bảo chức năng ăn nhai, khớp cắn đ&uacute;ng&hellip;</p>\r\n<p style=\"box-sizing: border-box; color: #404a64; font-size: 17.6px; overflow-wrap: break-word; font-family: Roboto, sans-serif; background-color: #ffffff; text-align: justify; margin-top: 0px !important; margin-bottom: 1rem !important; line-height: 1.5 !important;\">Th&ocirc;ng thường, niềng răng c&oacute; thể k&eacute;o d&agrave;i từ 6 &ndash; 24 th&aacute;ng, t&ugrave;y theo mức độ lệch lạc của răng v&agrave; kế hoạch điều trị m&agrave; kh&aacute;ch h&agrave;ng v&agrave; b&aacute;c sĩ đ&atilde; lựa chọn.</p>\r\n<p style=\"box-sizing: border-box; color: #404a64; font-size: 17.6px; overflow-wrap: break-word; font-family: Roboto, sans-serif; background-color: #ffffff; text-align: center; margin-top: 0px !important; margin-bottom: 1rem !important; line-height: 1.5 !important;\"><img src=\"blob:http://127.0.0.1:8000/28d265a5-d15a-443f-b9a0-06ae4ace9be7\" alt=\"\" /></p>\r\n<h3 style=\"box-sizing: border-box; margin-top: 0px; margin-bottom: 0.5rem; line-height: 1.5; font-size: 20px; color: #30374b; font-family: Roboto, sans-serif; background-color: #ffffff;\"><span id=\"Nhung_truong_hop_nao_nen_nieng_rang\" class=\"ez-toc-section\" style=\"box-sizing: border-box;\"></span>Những trường hợp n&agrave;o n&ecirc;n niềng răng?</h3>\r\n<p style=\"box-sizing: border-box; color: #404a64; font-size: 17.6px; overflow-wrap: break-word; font-family: Roboto, sans-serif; background-color: #ffffff; text-align: justify; margin-top: 0px !important; margin-bottom: 1rem !important; line-height: 1.5 !important;\">Phương ph&aacute;p n&agrave;y được chỉ định v&agrave; mang lại hiệu quả cao, khắc phục c&aacute;c trường hợp răng c&oacute; những khuyết điểm sau:</p>\r\n<ul style=\"box-sizing: border-box; margin-top: 0px; margin-bottom: 1rem; font-size: 16px; color: #30374b; font-family: Roboto, sans-serif; background-color: #ffffff;\">\r\n<li style=\"box-sizing: border-box; text-align: justify;\">Răng h&ocirc;, vẩu (g&acirc;y mất thẩm mỹ gương mặt, mỗi khi ăn nhai răng bị hao m&ograve;n nhiều hơn)</li>\r\n<li style=\"box-sizing: border-box; text-align: justify;\">Răng m&oacute;m, mặt lưỡi c&agrave;y (g&acirc;y mất thẩm mỹ gương mặt, ảnh hưởng đến chức năng ăn nhai, n&oacute;i ngọng&hellip;)</li>\r\n<li style=\"box-sizing: border-box; text-align: justify;\">Răng thưa, hở kẽ, khoảng c&aacute;ch giữa c&aacute;c răng lớn (thường dẫn đến t&igrave;nh trạng răng yếu, dễ lung lay, thức ăn thường xuy&ecirc;n mắc v&agrave;o kẽ răng hoặc ảnh hưởng tới việc ph&aacute;t &acirc;m)</li>\r\n<li style=\"box-sizing: border-box; text-align: justify;\">Răng mọc lộn xộn, chen ch&uacute;c, khấp khểnh (g&acirc;y mất thẩm mỹ gương mặt, thức ăn mắc v&agrave;o kẽ răng v&agrave; kh&oacute; chăm s&oacute;c răng miệng)</li>\r\n<li style=\"box-sizing: border-box; text-align: justify;\">Khớp cắn hở, hai h&agrave;m răng kh&ocirc;ng kh&iacute;t (ăn nhai kh&oacute; khăn, n&oacute;i ngọng, ph&aacute;t &acirc;m k&eacute;m&hellip;)</li>\r\n<li style=\"box-sizing: border-box; text-align: justify;\">Khớp cắn s&acirc;u, cằm lẹm cười kh&ocirc;ng thấy răng dưới (gương mặt thiếu c&acirc;n đối, ảnh hưởng đến khớp th&aacute;i dương, khớp nhai)</li>\r\n</ul>\r\n<p style=\"box-sizing: border-box; color: #404a64; font-size: 17.6px; overflow-wrap: break-word; font-family: Roboto, sans-serif; background-color: #ffffff; margin-top: 0px !important; margin-bottom: 1rem !important; line-height: 1.5 !important;\">&nbsp; &nbsp; &nbsp; &nbsp; &nbsp; &nbsp; &nbsp; &nbsp; &nbsp; &nbsp; &nbsp; &nbsp; &nbsp; &nbsp; &nbsp; &nbsp; &nbsp; &nbsp; &nbsp; &nbsp; &nbsp; &nbsp; &nbsp; &nbsp; &nbsp; &nbsp; &nbsp; &nbsp; &nbsp; &nbsp;<img src=\"https://toplist.vn/images/800px/trung-tam-nha-khoa-amp-tham-my-anh-dung-284587.jpg\" alt=\"Top 7 Địa chỉ niềng răng uy t&iacute;n nhất tỉnh Th&aacute;i B&igrave;nh - Toplist.vn\" /></p>\r\n<h2 style=\"box-sizing: border-box; margin-top: 0px; margin-bottom: 0.5rem; font-weight: 400; line-height: 1.5; font-size: 24px; color: #f6921e; font-family: Roboto, sans-serif; background-color: #ffffff; text-align: justify;\"><span id=\"Cac_phuong_phap_nieng_rang_pho_bien\" class=\"ez-toc-section\" style=\"box-sizing: border-box;\"></span><span style=\"box-sizing: border-box; font-weight: 600;\">C&aacute;c phương ph&aacute;p niềng răng phổ biến<br style=\"box-sizing: border-box;\" /></span></h2>\r\n<p style=\"box-sizing: border-box; color: #404a64; font-size: 17.6px; overflow-wrap: break-word; font-family: Roboto, sans-serif; background-color: #ffffff; text-align: justify; margin-top: 0px !important; margin-bottom: 1rem !important; line-height: 1.5 !important;\">C&oacute; kh&aacute; nhiều phương ph&aacute;p niềng được &aacute;p dụng nhằm đ&aacute;p ứng nhu cầu ng&agrave;y c&agrave;ng đa dạng của kh&aacute;ch h&agrave;ng. T&ugrave;y v&agrave;o t&igrave;nh trạng răng, mong muốn v&agrave; điều kiện t&agrave;i ch&iacute;nh của mỗi kh&aacute;ch h&agrave;ng m&agrave; b&aacute;c sĩ sẽ cho tư vấn phương ph&aacute;p ph&ugrave; hợp.</p>\r\n<h3 style=\"box-sizing: border-box; margin-top: 0px; margin-bottom: 0.5rem; line-height: 1.5; font-size: 20px; color: #30374b; font-family: Roboto, sans-serif; background-color: #ffffff; text-align: justify;\"><span id=\"Nieng_rang_mac_cai\" class=\"ez-toc-section\" style=\"box-sizing: border-box;\"></span><span style=\"box-sizing: border-box;\"><img class=\"img-fluid\" style=\"box-sizing: border-box; vertical-align: middle; border-style: none; max-width: 100%; height: auto;\" src=\"https://nhakhoakim.com/wp-content/uploads/2016/11/iconDC.png\" sizes=\"\" srcset=\"\" alt=\"\" width=\"14\" height=\"15\" data-src=\"https://nhakhoakim.com/wp-content/uploads/2016/11/iconDC.png\" data-srcset=\"\" data-sizes=\"\" data-style=\"\" data-l=\"\" />&nbsp;</span>Niềng răng mắc c&agrave;i</h3>\r\n<p style=\"box-sizing: border-box; color: #404a64; font-size: 17.6px; overflow-wrap: break-word; font-family: Roboto, sans-serif; background-color: #ffffff; text-align: justify; margin-top: 0px !important; margin-bottom: 1rem !important; line-height: 1.5 !important;\">Đ&acirc;y l&agrave; phương ph&aacute;p chỉnh nha gắn cố định hệ thống mắc c&agrave;i, d&acirc;y cung l&ecirc;n răng, tạo lực gi&uacute;p dịch chuyển răng về đ&uacute;ng vị tr&iacute; mong muốn. C&oacute; nhiều loại mắc c&agrave;i kh&aacute;c nhau:</p>\r\n<ul style=\"box-sizing: border-box; margin-top: 0px; margin-bottom: 1rem; font-size: 16px; color: #30374b; font-family: Roboto, sans-serif; background-color: #ffffff;\">\r\n<li style=\"box-sizing: border-box; text-align: justify;\"><span style=\"box-sizing: border-box; font-weight: 600;\">Mắc c&agrave;i kim loại</span>: Khung niềng bằng kim loại c&oacute; kết cấu vững chắc, lực t&aacute;c động nhờ mắc c&agrave;i v&agrave; thun gi&uacute;p cho việc chỉnh răng về vị tr&iacute; mong muốn trở n&ecirc;n dễ d&agrave;ng hơn.</li>\r\n</ul>\r\n<p style=\"box-sizing: border-box; color: #404a64; font-size: 17.6px; overflow-wrap: break-word; font-family: Roboto, sans-serif; background-color: #ffffff; margin-top: 0px !important; margin-bottom: 1rem !important; line-height: 1.5 !important;\">&nbsp; &nbsp; &nbsp; &nbsp; &nbsp; &nbsp; &nbsp; &nbsp; &nbsp; &nbsp; &nbsp; &nbsp; &nbsp; &nbsp; &nbsp; &nbsp; &nbsp; &nbsp; &nbsp; &nbsp; &nbsp; &nbsp; &nbsp; &nbsp; &nbsp; &nbsp; &nbsp; &nbsp; &nbsp; &nbsp; &nbsp; &nbsp; &nbsp; &nbsp; &nbsp; &nbsp; &nbsp; &nbsp; &nbsp; &nbsp;<img style=\"font-family: -apple-system, BlinkMacSystemFont, \'Segoe UI\', Roboto, Oxygen, Ubuntu, Cantarell, \'Open Sans\', \'Helvetica Neue\', sans-serif;\" src=\"https://encrypted-tbn0.gstatic.com/images?q=tbn:ANd9GcQKEEmASprbXmgsX__b5xDmALRL0khcZPtDpVDwCRnNNbtQYnlPYz8UwY-ZGimezy2q07E&amp;usqp=CAU\" alt=\"Niềng Răng Mắc C&agrave;i Kim Loại: TẤT TẦN TẬT Th&ocirc;ng Tin Bạn Cần Nắm R&otilde;\" width=\"572\" height=\"413\" /></p>\r\n<ul style=\"box-sizing: border-box; margin-top: 0px; margin-bottom: 1rem; font-size: 16px; color: #30374b; font-family: Roboto, sans-serif; background-color: #ffffff;\">\r\n<li style=\"box-sizing: border-box; text-align: justify;\"><span style=\"box-sizing: border-box; font-weight: 600;\">Mắc c&agrave;i sứ</span>: Nhờ v&agrave;o đặc điểm sử dụng mắc c&agrave;i v&agrave; d&acirc;y thun tr&ugrave;ng với m&agrave;u răng thật n&ecirc;n niềng răng bằng mắc c&agrave;i sứ đạt được hiệu quả cao về mặt thẩm mỹ, kh&aacute;ch h&agrave;ng sẽ cảm thấy tự tin v&agrave; thoải m&aacute;i trong giao tiếp hằng ng&agrave;y. Niềng răng mắc c&agrave;i sứ ph&ugrave; hợp đại đa số kh&aacute;ch h&agrave;ng đ&atilde; đi l&agrave;m, muốn c&oacute; h&agrave;m răng đẹp vẫn đảm bảo về mặt thẩm mỹ v&agrave; t&agrave;i ch&iacute;nh.</li>\r\n</ul>\r\n<p style=\"box-sizing: border-box; color: #404a64; font-size: 17.6px; overflow-wrap: break-word; font-family: Roboto, sans-serif; background-color: #ffffff; margin-top: 0px !important; margin-bottom: 1rem !important; line-height: 1.5 !important;\">&nbsp; &nbsp; &nbsp; &nbsp; &nbsp; &nbsp; &nbsp; &nbsp; &nbsp; &nbsp; &nbsp; &nbsp; &nbsp; &nbsp; &nbsp; &nbsp; &nbsp; &nbsp; &nbsp; &nbsp; &nbsp; &nbsp; &nbsp; &nbsp; &nbsp; &nbsp; &nbsp; &nbsp; &nbsp; &nbsp; &nbsp; &nbsp; &nbsp; &nbsp; &nbsp; &nbsp; &nbsp; &nbsp; &nbsp; &nbsp;&nbsp;<img src=\"https://nhakhoadalat.com/wp-content/uploads/2019/11/nieng-rang-mac-cai-su-day-trong-1.png\" alt=\"Niềng răng mắc c&agrave;i sứ d&acirc;y trong l&agrave; g&igrave; - Nha Khoa T&acirc;m S&agrave;i G&ograve;n\" /></p>\r\n<ul style=\"box-sizing: border-box; margin-top: 0px; margin-bottom: 1rem; font-size: 16px; color: #30374b; font-family: Roboto, sans-serif; background-color: #ffffff;\">\r\n<li style=\"box-sizing: border-box; text-align: justify;\"><span style=\"box-sizing: border-box; font-weight: 600;\">Mắc c&agrave;i c&oacute; kh&oacute;a</span>: Niềng răng mắc c&agrave;i c&oacute; kh&oacute;a (tự buộc) được thiết kế với c&aacute;c chốt (kim loại, sứ) c&oacute; thể đ&oacute;ng mở linh động gi&uacute;p cố định d&acirc;y cung trong r&atilde;nh mắc c&agrave;i. C&aacute;c d&acirc;y cung cũng c&oacute; thể trượt một c&aacute;ch tự do trong r&atilde;nh mắc c&agrave;i, gi&uacute;p duy tr&igrave; lực ổn định hơn, đặc biệt lực ma s&aacute;t sẽ được giảm tối đa, d&acirc;y cung cũng &iacute;t khi bị bung tuột n&ecirc;n giảm được thời gian đi nắn chỉnh d&acirc;y cung.</li>\r\n</ul>\r\n<p style=\"box-sizing: border-box; color: #404a64; font-size: 17.6px; overflow-wrap: break-word; font-family: Roboto, sans-serif; background-color: #ffffff; margin-top: 0px !important; margin-bottom: 1rem !important; line-height: 1.5 !important;\">&nbsp; &nbsp; &nbsp; &nbsp; &nbsp; &nbsp; &nbsp; &nbsp; &nbsp; &nbsp; &nbsp; &nbsp; &nbsp; &nbsp; &nbsp; &nbsp; &nbsp; &nbsp; &nbsp; &nbsp; &nbsp; &nbsp; &nbsp; &nbsp; &nbsp; &nbsp; &nbsp; &nbsp; &nbsp; &nbsp; &nbsp; &nbsp; &nbsp; &nbsp; &nbsp; &nbsp; &nbsp; &nbsp; &nbsp; &nbsp; &nbsp;&nbsp;<img src=\"https://nhakhoathuyanh.com/wp-content/uploads/2020/04/76cc82f527fd7880da09fda138d57810.jpg\" alt=\"Niềng răng mắc c&agrave;i kim loại th&ocirc;ng minh &ndash; Mắc c&agrave;i tự kh&oacute;a - nhakhoathuyanh\" width=\"651\" height=\"358\" /></p>\r\n<ul style=\"box-sizing: border-box; margin-top: 0px; margin-bottom: 1rem; font-size: 16px; color: #30374b; font-family: Roboto, sans-serif; background-color: #ffffff;\">\r\n<li style=\"box-sizing: border-box; text-align: justify;\"><span style=\"box-sizing: border-box; font-weight: 600;\">Niềng răng mặt trong (mặt lưỡi)</span>: cho ph&eacute;p bạn giấu niềng v&agrave;o b&ecirc;n trong, tạo hiệu quả thẩm mỹ cực k&igrave; cao. Bạn c&oacute; thể thỏa sức cười tươi v&agrave; giao tiếp thoải m&aacute;i m&agrave; kh&ocirc;ng sợ lộ bất k&igrave; chi tiết n&agrave;o của niềng răng.</li>\r\n</ul>\r\n<p style=\"box-sizing: border-box; color: #404a64; font-size: 17.6px; overflow-wrap: break-word; font-family: Roboto, sans-serif; background-color: #ffffff; margin-top: 0px !important; margin-bottom: 1rem !important; line-height: 1.5 !important;\">&nbsp; &nbsp; &nbsp; &nbsp; &nbsp; &nbsp; &nbsp; &nbsp; &nbsp; &nbsp; &nbsp; &nbsp; &nbsp; &nbsp; &nbsp; &nbsp; &nbsp; &nbsp; &nbsp; &nbsp; &nbsp; &nbsp; &nbsp; &nbsp; &nbsp; &nbsp; &nbsp; &nbsp; &nbsp; &nbsp; &nbsp; &nbsp; &nbsp; &nbsp; &nbsp; &nbsp; &nbsp; &nbsp; &nbsp; &nbsp; &nbsp;&nbsp;<img src=\"https://encrypted-tbn0.gstatic.com/images?q=tbn:ANd9GcSvK2OhrJbfF6nfYg6ascjsJytTY1GI1uHJ_7z-ddLeByV13ltnOX5zdpjJrH_4LeV3D90&amp;usqp=CAU\" alt=\"Niềng răng ph&iacute;a trong v&agrave; những vấn đề bạn cần nắm r&otilde; trước khi niềng\" width=\"518\" height=\"345\" /></p>\r\n<h3 style=\"box-sizing: border-box; margin-top: 0px; margin-bottom: 0.5rem; line-height: 1.5; font-size: 20px; color: #30374b; font-family: Roboto, sans-serif; background-color: #ffffff; text-align: justify;\"><span id=\"Nieng_rang_voi_khay_trong_suot\" class=\"ez-toc-section\" style=\"box-sizing: border-box;\"></span><span style=\"box-sizing: border-box;\"><img class=\"img-fluid\" style=\"box-sizing: border-box; vertical-align: middle; border-style: none; max-width: 100%; height: auto;\" src=\"https://nhakhoakim.com/wp-content/uploads/2016/11/iconDC.png\" sizes=\"\" srcset=\"\" alt=\"\" width=\"14\" height=\"15\" data-src=\"https://nhakhoakim.com/wp-content/uploads/2016/11/iconDC.png\" data-srcset=\"\" data-sizes=\"\" data-style=\"\" data-l=\"\" />&nbsp;</span>Niềng răng với khay trong suốt</h3>\r\n<p style=\"box-sizing: border-box; color: #404a64; font-size: 17.6px; overflow-wrap: break-word; font-family: Roboto, sans-serif; background-color: #ffffff; text-align: justify; margin-top: 0px !important; margin-bottom: 1rem !important; line-height: 1.5 !important;\">Thay v&igrave; hệ thống c&aacute;c mắc c&agrave;i, d&acirc;y cung, phương ph&aacute;p n&agrave;y sử dụng c&aacute;c khay niềng bằng nhựa dẻo trong suốt, &ocirc;m kh&iacute;t v&agrave;o răng, tạo lực dịch chuyển v&agrave; sắp xếp lại vị tr&iacute; c&aacute;c răng lệch lạc. C&aacute;c khay niềng n&agrave;y c&ograve;n c&oacute; thể th&aacute;o lắp dễ d&agrave;ng trong qu&aacute; tr&igrave;nh sử dụng n&ecirc;n rất thuận tiện khi ăn uống, vệ sinh răng miệng.</p>\r\n<ul style=\"box-sizing: border-box; margin-top: 0px; margin-bottom: 1rem; font-size: 16px; color: #30374b; font-family: Roboto, sans-serif; background-color: #ffffff;\">\r\n<li style=\"box-sizing: border-box;\"><span style=\"box-sizing: border-box; font-weight: 600;\">T&iacute;nh thẩm mỹ cao</span>: Loại khay n&agrave;y gần như v&ocirc; h&igrave;nh, bạn sẽ kh&ocirc;ng cảm thấy e ngại hay lo lắng ai đ&oacute; sẽ ch&uacute; &yacute; khi đang đeo khay niềng.</li>\r\n<li style=\"box-sizing: border-box;\"><span style=\"box-sizing: border-box; font-weight: 600;\">Vệ sinh đơn giản, thoải m&aacute;i khi đeo</span>: Vệ sinh khay niềng bằng b&agrave;n chải th&ocirc;ng thường. Phương ph&aacute;p n&agrave;y kh&ocirc;ng y&ecirc;u cầu bạn phải đeo mắc c&agrave;i, thun hay v&ograve;ng niềng, t&igrave;nh trạng vướng, cộm sẽ kh&ocirc;ng nhiều.</li>\r\n<li style=\"box-sizing: border-box;\"><span style=\"box-sizing: border-box; font-weight: 600;\">Dễ d&agrave;ng th&aacute;o, lắp khay niềng</span>: T&iacute;nh tiện lợi cao, c&oacute; thể th&aacute;o khay niềng khi ăn uống hay l&uacute;c vệ sinh răng miệng, sau đ&oacute; tự lắp lại. Đ&acirc;y l&agrave; điều gần như kh&ocirc;ng thể đối với c&aacute;c phương ph&aacute;p niềng kh&aacute;c.</li>\r\n</ul>\r\n<p style=\"box-sizing: border-box; color: #404a64; font-size: 17.6px; overflow-wrap: break-word; font-family: Roboto, sans-serif; background-color: #ffffff; text-align: center; margin-top: 0px !important; margin-bottom: 1rem !important; line-height: 1.5 !important;\"><img src=\"https://nhakhoahanquoc.com.vn/wp-content/uploads/2017/03/ni%E1%BB%81ng-r%C4%83ng-trong-su%E1%BB%91t-3.jpg\" alt=\"Niềng răng trong suốt gi&aacute; bao nhi&ecirc;u tiền v&agrave; c&oacute; hiệu quả kh&ocirc;ng? NKHQ\" /></p>\r\n<p style=\"box-sizing: border-box; color: #404a64; font-size: 17.6px; overflow-wrap: break-word; font-family: Roboto, sans-serif; background-color: #ffffff; text-align: justify; margin-top: 0px !important; margin-bottom: 1rem !important; line-height: 1.5 !important;\">Nếu đang t&igrave;m kiếm một phương ph&aacute;p niềng c&oacute; t&iacute;nh thẩm mỹ cao v&agrave; k&iacute;n đ&aacute;o th&igrave; niềng răng với khay trong suốt sẽ l&agrave; sự lựa chọn tối ưu cho bạn. Thương hiệu khay trong suốt phổ biến hiện nay l&agrave; Invisalign v&agrave; Clear Aligner.</p>', 20000000, 1, '2021-12-07 08:54:45', '2022-01-05 16:39:36', '50');
INSERT INTO `services` (`id`, `name`, `title`, `image`, `description`, `price`, `status`, `created_at`, `updated_at`, `time`) VALUES
(39, 'Tẩy trắng răng', 'Tẩy trắng răng là phương pháp nha khoa có tác dụng giúp loại bỏ các sắc tố vàng, nâu đen, xỉn màu trên bề mặt răng đồng thời giúp hàm răng tráng sáng đều màu.', 'img\\61c1950335dcd-taytrang.jpg', '<h2 style=\"box-sizing: border-box; margin-top: 0px; margin-bottom: 0.5rem; font-weight: 400; line-height: 1.5; font-size: 24px; color: #f6921e; font-family: Roboto, sans-serif; background-color: #ffffff;\"><span style=\"box-sizing: border-box; font-weight: 600;\"><span style=\"box-sizing: border-box; font-size: 20px; color: #ff9900;\">Trường hợp n&agrave;o n&ecirc;n tẩy trắng răng?</span></span></h2>\r\n<ul style=\"box-sizing: border-box; margin-top: 0px; margin-bottom: 1rem; font-size: 16px; font-weight: 400; text-align: left;\">\r\n<li style=\"box-sizing: border-box;\"><span style=\"box-sizing: border-box;\">H&agrave;m răng kh&ocirc;ng đều m&agrave;u</span></li>\r\n<li style=\"box-sizing: border-box;\"><span style=\"box-sizing: border-box;\">Răng bị xỉn m&agrave;u, ố v&agrave;ng k&eacute;m thẩm mỹ</span></li>\r\n<li style=\"box-sizing: border-box;\"><span style=\"box-sizing: border-box;\">Răng bị nhiễm kh&aacute;ng sinh ở mức độ nhẹ</span></li>\r\n<li style=\"box-sizing: border-box;\"><span style=\"box-sizing: border-box;\">Răng nhiễm h&oacute;a chất fluor</span></li>\r\n<li style=\"box-sizing: border-box;\"><span style=\"box-sizing: border-box;\">Người mong muốn h&agrave;m răng trắng đẹp hơn</span></li>\r\n</ul>\r\n<h2 style=\"box-sizing: border-box; margin-top: 0px; margin-bottom: 0.5rem; font-weight: 400; line-height: 1.5; font-size: 24px; color: #f6921e; font-family: Roboto, sans-serif; background-color: #ffffff; text-align: justify;\"><span id=\"Uu_diem_tay_trang_rang_bang_cong_nghe_hien_dai\" class=\"ez-toc-section\" style=\"box-sizing: border-box;\"></span><span style=\"box-sizing: border-box; font-size: 20px;\"><span style=\"box-sizing: border-box; font-weight: 600;\"><span style=\"box-sizing: border-box; color: #ff9900;\">Ưu điểm tẩy trắng răng bằng c&ocirc;ng nghệ hiện đại</span></span></span></h2>\r\n<p style=\"box-sizing: border-box; color: #404a64; font-size: 17.6px; overflow-wrap: break-word; font-weight: 400; margin-top: 0px !important; margin-bottom: 1rem !important; line-height: 1.5 !important;\"><span style=\"box-sizing: border-box; font-size: 16px;\">C&ocirc;ng nghệ hiện đại hoạt động dựa tr&ecirc;n sự kết hợp đặc biệt giữa chất gel l&agrave;m trắng với &aacute;nh s&aacute;ng xanh dịu nhẹ, sẽ nhanh ch&oacute;ng ph&aacute; vỡ c&aacute;c li&ecirc;n kết h&oacute;a học b&ecirc;n trong răng, gi&uacute;p loại bỏ hiệu quả c&aacute;c lớp ng&agrave; răng ố v&agrave;ng, đem đến vẻ trắng s&aacute;ng cho h&agrave;m răng.</span></p>\r\n<p style=\"box-sizing: border-box; color: #404a64; font-size: 17.6px; overflow-wrap: break-word; font-weight: 400; text-align: center; margin-top: 0px !important; margin-bottom: 1rem !important; line-height: 1.5 !important;\"><img class=\"aligncenter wp-image-9976 size-full img-fluid\" style=\"box-sizing: border-box; vertical-align: middle; border-style: none; max-width: 100%; height: auto; clear: both; display: block; margin: 6px auto;\" title=\"Tẩy trắng răng hiệu quả, an to&agrave;n, bền l&acirc;u tại Nha Khoa KIM 2\" src=\"https://nhakhoakim.com/wp-content/uploads/2016/11/tay-trang-rang-1-2.jpg\" sizes=\"(max-width: 700px) 100vw, 700px\" srcset=\"https://nhakhoakim.com/wp-content/uploads/2016/11/tay-trang-rang-1-2.jpg 700w, https://nhakhoakim.com/wp-content/uploads/2016/11/tay-trang-rang-1-2-555x369.jpg 555w, https://nhakhoakim.com/wp-content/uploads/2016/11/tay-trang-rang-1-2-20x13.jpg 20w\" alt=\"Tẩy trắng răng hiệu quả, an to&agrave;n, bền l&acirc;u tại Nha Khoa KIM 2\" width=\"700\" height=\"466\" data-src=\"https://nhakhoakim.com/wp-content/uploads/2016/11/tay-trang-rang-1-2.jpg\" data-srcset=\"https://nhakhoakim.com/wp-content/uploads/2016/11/tay-trang-rang-1-2.jpg 700w, https://nhakhoakim.com/wp-content/uploads/2016/11/tay-trang-rang-1-2-555x369.jpg 555w, https://nhakhoakim.com/wp-content/uploads/2016/11/tay-trang-rang-1-2-20x13.jpg 20w\" data-sizes=\"(max-width: 700px) 100vw, 700px\" data-style=\"\" data-l=\"\" /></p>\r\n<p style=\"box-sizing: border-box; color: #404a64; font-size: 17.6px; overflow-wrap: break-word; font-weight: 400; text-align: center; margin-top: 0px !important; margin-bottom: 1rem !important; line-height: 1.5 !important;\"><span style=\"box-sizing: border-box; font-size: 14px;\"><em style=\"box-sizing: border-box; display: block;\">Kh&aacute;ch h&agrave;ng rất h&agrave;i l&ograve;ng với nụ cười rạng rỡ sau khi tẩy trắng răng tại Nha Khoa Kim</em></span></p>\r\n<p style=\"box-sizing: border-box; color: #404a64; font-size: 17.6px; overflow-wrap: break-word; font-weight: 400; margin-top: 0px !important; margin-bottom: 1rem !important; line-height: 1.5 !important;\"><span style=\"box-sizing: border-box; font-size: 16px;\">C&ocirc;ng nghệ tẩy trắng răng hiện đại chiếm trọn cảm t&igrave;nh của đ&ocirc;ng đảo kh&aacute;ch h&agrave;ng cũng như nhiều chuy&ecirc;n gia nha khoa bởi:</span></p>\r\n<ul style=\"box-sizing: border-box; margin-top: 0px; margin-bottom: 1rem; font-size: 16px; font-weight: 400; text-align: left;\">\r\n<li style=\"box-sizing: border-box; text-align: justify;\"><span style=\"box-sizing: border-box;\">Hiệu quả vượt trội, l&ecirc;n nhiều t&ocirc;ng m&agrave;u ngay sau khi thực hiện.</span></li>\r\n<li style=\"box-sizing: border-box; text-align: justify;\"><span style=\"box-sizing: border-box;\">Mang đến h&agrave;m răng trắng s&aacute;ng, đều m&agrave;u tự nhi&ecirc;n từ s&acirc;u b&ecirc;n trong.</span></li>\r\n<li style=\"box-sizing: border-box; text-align: justify;\"><span style=\"box-sizing: border-box;\">Thời gian thực hiện ngắn, kỹ thuật đơn giản, nhẹ nh&agrave;ng.</span></li>\r\n<li style=\"box-sizing: border-box; text-align: justify;\"><span style=\"box-sizing: border-box;\">T&iacute;nh an to&agrave;n cao, kh&ocirc;ng g&acirc;y t&aacute;c dụng phụ đến sức khỏe hay cho răng nướu, kh&ocirc;ng ảnh hưởng đến men răng.</span></li>\r\n<li style=\"box-sizing: border-box; text-align: justify;\"><span style=\"box-sizing: border-box;\">Kh&ocirc;ng c&oacute;&nbsp;dấu hiệu của dị ứng hay biến chứng n&agrave;o&nbsp;v&igrave; c&ocirc;ng nghệ c&oacute; khả năng kiểm so&aacute;t lượng nhiệt v&agrave; &aacute;nh s&aacute;ng ph&aacute;t ra.</span></li>\r\n<li style=\"box-sizing: border-box; text-align: justify;\"><span style=\"box-sizing: border-box;\">Khả năng duy tr&igrave; độ trắng s&aacute;ng của răng l&acirc;u d&agrave;i, từ 3 &ndash; 5 năm.</span></li>\r\n<li style=\"box-sizing: border-box; text-align: justify;\"><span style=\"box-sizing: border-box;\">Với phản ứng t&aacute;i kho&aacute;ng men sẽ gi&uacute;p cho răng chắc khỏe hơn.</span></li>\r\n</ul>\r\n<h2 style=\"box-sizing: border-box; margin-top: 0px; margin-bottom: 0.5rem; font-weight: 400; line-height: 1.5; font-size: 24px; color: #f6921e; font-family: Roboto, sans-serif; background-color: #ffffff;\"><span id=\"Quy_trinh_tay_trang_rang_hieu_qua_va_an_toan_tai_Nha_Khoa_Kim\" class=\"ez-toc-section\" style=\"box-sizing: border-box;\"></span><span style=\"box-sizing: border-box; font-size: 20px;\"><span style=\"box-sizing: border-box; font-weight: 600;\"><span style=\"box-sizing: border-box; color: #ff9900;\">Quy tr&igrave;nh tẩy trắng răng hiệu quả v&agrave; an to&agrave;n tại Nha Khoa Đ&ocirc;ng Anh</span></span></span></h2>\r\n<p style=\"box-sizing: border-box; color: #404a64; font-size: 17.6px; overflow-wrap: break-word; font-weight: 400; margin-top: 0px !important; margin-bottom: 1rem !important; line-height: 1.5 !important;\"><span style=\"box-sizing: border-box; font-size: 16px;\">Để đảm bảo an to&agrave;n v&agrave; hiệu quả cho kh&aacute;ch h&agrave;ng, quy tr&igrave;nh tẩy trắng răng lu&ocirc;n tu&acirc;n thủ nghi&ecirc;m ngặt những quy định của cơ quan y tế, kỹ thuật quốc tế, với c&aacute;c bước cơ bản như sau:</span></p>\r\n<p style=\"box-sizing: border-box; color: #404a64; font-size: 17.6px; overflow-wrap: break-word; font-weight: 400; text-align: left; margin-top: 0px !important; margin-bottom: 1rem !important; line-height: 1.5 !important;\"><img class=\"show-desktop hide-mobile wp-image-20160 aligncenter img-fluid\" style=\"box-sizing: border-box; vertical-align: middle; border-style: none; max-width: 100%; height: auto; display: block; clear: both; margin: 6px auto; text-align: center;\" src=\"https://nhakhoakim.com/wp-content/uploads/2016/11/QuyTrinh_TayTrangRang-01.jpg\" sizes=\"(max-width: 700px) 100vw, 700px\" srcset=\"https://nhakhoakim.com/wp-content/uploads/2016/11/QuyTrinh_TayTrangRang-01.jpg 2048w, https://nhakhoakim.com/wp-content/uploads/2016/11/QuyTrinh_TayTrangRang-01-768x160.jpg 768w, https://nhakhoakim.com/wp-content/uploads/2016/11/QuyTrinh_TayTrangRang-01-555x116.jpg 555w, https://nhakhoakim.com/wp-content/uploads/2016/11/QuyTrinh_TayTrangRang-01-20x4.jpg 20w\" alt=\"tẩy trắng răng 5\" width=\"700\" height=\"146\" data-src=\"https://nhakhoakim.com/wp-content/uploads/2016/11/QuyTrinh_TayTrangRang-01.jpg\" data-srcset=\"https://nhakhoakim.com/wp-content/uploads/2016/11/QuyTrinh_TayTrangRang-01.jpg 2048w, https://nhakhoakim.com/wp-content/uploads/2016/11/QuyTrinh_TayTrangRang-01-768x160.jpg 768w, https://nhakhoakim.com/wp-content/uploads/2016/11/QuyTrinh_TayTrangRang-01-555x116.jpg 555w, https://nhakhoakim.com/wp-content/uploads/2016/11/QuyTrinh_TayTrangRang-01-20x4.jpg 20w\" data-sizes=\"(max-width: 700px) 100vw, 700px\" data-style=\"\" data-l=\"\" /></p>\r\n<p style=\"box-sizing: border-box; color: #404a64; font-size: 17.6px; overflow-wrap: break-word; font-weight: 400; text-align: center; margin-top: 0px !important; margin-bottom: 1rem !important; line-height: 1.5 !important;\"><span style=\"box-sizing: border-box; font-size: 14px;\"><em style=\"box-sizing: border-box; display: block;\">4 bước tẩy trắng răng tại Nha Khoa Đ&ocirc;ng Anh</em></span></p>\r\n<p style=\"box-sizing: border-box; color: #404a64; font-size: 17.6px; overflow-wrap: break-word; font-weight: 400; text-align: center; margin-top: 0px !important; margin-bottom: 1rem !important; line-height: 1.5 !important;\"><img class=\"aligncenter wp-image-7317 img-fluid\" style=\"box-sizing: border-box; vertical-align: middle; border-style: none; max-width: 100%; height: auto; clear: both; display: block; margin: 6px auto;\" title=\"Tẩy trắng răng hiệu quả, an to&agrave;n, bền l&acirc;u tại Nha Khoa KIM 10\" src=\"https://nhakhoakim.com/wp-content/uploads/2017/07/MG_5540.jpg\" sizes=\"(max-width: 700px) 100vw, 700px\" srcset=\"https://nhakhoakim.com/wp-content/uploads/2017/07/MG_5540.jpg 700w, https://nhakhoakim.com/wp-content/uploads/2017/07/MG_5540-555x369.jpg 555w, https://nhakhoakim.com/wp-content/uploads/2017/07/MG_5540-20x13.jpg 20w\" alt=\"Tẩy trắng răng hiệu quả, an to&agrave;n, bền l&acirc;u tại Nha Khoa KIM 10\" width=\"700\" height=\"466\" data-src=\"https://nhakhoakim.com/wp-content/uploads/2017/07/MG_5540.jpg\" data-srcset=\"https://nhakhoakim.com/wp-content/uploads/2017/07/MG_5540.jpg 700w, https://nhakhoakim.com/wp-content/uploads/2017/07/MG_5540-555x369.jpg 555w, https://nhakhoakim.com/wp-content/uploads/2017/07/MG_5540-20x13.jpg 20w\" data-sizes=\"(max-width: 700px) 100vw, 700px\" data-style=\"\" data-l=\"\" /></p>\r\n<p style=\"box-sizing: border-box; color: #404a64; font-size: 17.6px; overflow-wrap: break-word; font-weight: 400; text-align: center; margin-top: 0px !important; margin-bottom: 1rem !important; line-height: 1.5 !important;\"><span style=\"box-sizing: border-box; font-size: 14px;\"><em style=\"box-sizing: border-box; display: block;\">Chỉ sau hơn 1 tiếng nằm thư gi&atilde;n, răng của bạn sẽ trắng s&aacute;ng cho nụ cười rạng rỡ</em></span></p>\r\n<h2 style=\"box-sizing: border-box; margin-top: 0px; margin-bottom: 0.5rem; font-weight: 400; line-height: 1.5; font-size: 24px; color: #f6921e; font-family: Roboto, sans-serif; background-color: #ffffff; text-align: justify;\"><span id=\"Nha_Khoa_Kim_-_Dia_chi_tay_trang_rang_uy_tin_va_chat_luong\" class=\"ez-toc-section\" style=\"box-sizing: border-box;\"></span><span style=\"box-sizing: border-box; font-weight: 600;\"><span style=\"box-sizing: border-box; font-size: 20px; color: #ff9900;\">Nha Khoa Đ&ocirc;ng Anh &ndash; Địa chỉ tẩy trắng răng uy t&iacute;n v&agrave; chất lượng</span></span></h2>\r\n<p style=\"box-sizing: border-box; color: #404a64; font-size: 17.6px; overflow-wrap: break-word; font-weight: 400; margin-top: 0px !important; margin-bottom: 1rem !important; line-height: 1.5 !important;\"><span style=\"box-sizing: border-box; font-size: 16px;\">Nha Khoa Đ&ocirc;ng Anh l&agrave; một trong những địa chỉ nha khoa ứng dụng th&agrave;nh c&ocirc;ng c&ocirc;ng nghệ tẩy trắng răng thế hệ mới nhất hiện nay. Nha Khoa Đ&ocirc;ng Anh chắc chắn sẽ khiến bạn h&agrave;i l&ograve;ng khi thực hiện dịch vụ tại bất kỳ ph&ograve;ng kh&aacute;m n&agrave;o thuộc hệ thống.</span></p>\r\n<p style=\"box-sizing: border-box; color: #404a64; font-size: 17.6px; overflow-wrap: break-word; font-weight: 400; margin-top: 0px !important; margin-bottom: 1rem !important; line-height: 1.5 !important;\"><span style=\"box-sizing: border-box; font-size: 16px;\"><img class=\"alignnone wp-image-19862 img-fluid\" style=\"box-sizing: border-box; vertical-align: middle; border-style: none; max-width: 100%; height: auto;\" src=\"https://nhakhoakim.com/wp-content/uploads/2016/11/iconDC.png\" sizes=\"(max-width: 16px) 100vw, 16px\" srcset=\"https://nhakhoakim.com/wp-content/uploads/2016/11/iconDC.png 231w, https://nhakhoakim.com/wp-content/uploads/2016/11/iconDC-100x100.png 100w, https://nhakhoakim.com/wp-content/uploads/2016/11/iconDC-18x20.png 18w\" alt=\"\" width=\"16\" height=\"17\" data-src=\"https://nhakhoakim.com/wp-content/uploads/2016/11/iconDC.png\" data-srcset=\"https://nhakhoakim.com/wp-content/uploads/2016/11/iconDC.png 231w, https://nhakhoakim.com/wp-content/uploads/2016/11/iconDC-100x100.png 100w, https://nhakhoakim.com/wp-content/uploads/2016/11/iconDC-18x20.png 18w\" data-sizes=\"(max-width: 16px) 100vw, 16px\" data-style=\"\" data-l=\"\" />&nbsp;Quy tr&igrave;nh tẩy trắng răng được thực hiện theo đ&uacute;ng kỹ thuật chuyển giao tư c&aacute;c bệnh viện nha khoa h&agrave;ng đầu thế giới v&agrave; tu&acirc;n thủ nghi&ecirc;m ngặt quy định của cơ quan y tế để mang đến kết quả tốt nhất, an to&agrave;n nhất, gi&uacute;p kh&aacute;ch h&agrave;ng c&oacute; được nụ cười ho&agrave;n hảo, h&agrave;m răng trắng s&aacute;ng.</span></p>\r\n<p style=\"box-sizing: border-box; color: #404a64; font-size: 17.6px; overflow-wrap: break-word; font-weight: 400; margin-top: 0px !important; margin-bottom: 1rem !important; line-height: 1.5 !important;\"><span style=\"box-sizing: border-box; font-size: 16px;\"><img class=\"alignnone wp-image-19862 img-fluid\" style=\"box-sizing: border-box; vertical-align: middle; border-style: none; max-width: 100%; height: auto;\" src=\"https://nhakhoakim.com/wp-content/uploads/2016/11/iconDC.png\" sizes=\"(max-width: 16px) 100vw, 16px\" srcset=\"https://nhakhoakim.com/wp-content/uploads/2016/11/iconDC.png 231w, https://nhakhoakim.com/wp-content/uploads/2016/11/iconDC-100x100.png 100w, https://nhakhoakim.com/wp-content/uploads/2016/11/iconDC-18x20.png 18w\" alt=\"\" width=\"16\" height=\"17\" data-src=\"https://nhakhoakim.com/wp-content/uploads/2016/11/iconDC.png\" data-srcset=\"https://nhakhoakim.com/wp-content/uploads/2016/11/iconDC.png 231w, https://nhakhoakim.com/wp-content/uploads/2016/11/iconDC-100x100.png 100w, https://nhakhoakim.com/wp-content/uploads/2016/11/iconDC-18x20.png 18w\" data-sizes=\"(max-width: 16px) 100vw, 16px\" data-style=\"\" data-l=\"\" />&nbsp;Đội ngũ b&aacute;c sĩ gi&agrave;u kinh nghiệm, giỏi chuy&ecirc;n m&ocirc;n, c&oacute; chứng chỉ h&agrave;nh nghề, tận t&acirc;m v&agrave; chu đ&aacute;o sẽ gi&uacute;p bạn thực sự h&agrave;i l&ograve;ng về nụ cười sau khi thực hiện dịch vụ.</span></p>\r\n<p style=\"box-sizing: border-box; color: #404a64; font-size: 17.6px; overflow-wrap: break-word; font-weight: 400; margin-top: 0px !important; margin-bottom: 1rem !important; line-height: 1.5 !important;\"><span style=\"box-sizing: border-box; font-size: 16px;\"><img class=\"alignnone wp-image-19862 img-fluid\" style=\"box-sizing: border-box; vertical-align: middle; border-style: none; max-width: 100%; height: auto;\" src=\"https://nhakhoakim.com/wp-content/uploads/2016/11/iconDC.png\" sizes=\"(max-width: 16px) 100vw, 16px\" srcset=\"https://nhakhoakim.com/wp-content/uploads/2016/11/iconDC.png 231w, https://nhakhoakim.com/wp-content/uploads/2016/11/iconDC-100x100.png 100w, https://nhakhoakim.com/wp-content/uploads/2016/11/iconDC-18x20.png 18w\" alt=\"\" width=\"16\" height=\"17\" data-src=\"https://nhakhoakim.com/wp-content/uploads/2016/11/iconDC.png\" data-srcset=\"https://nhakhoakim.com/wp-content/uploads/2016/11/iconDC.png 231w, https://nhakhoakim.com/wp-content/uploads/2016/11/iconDC-100x100.png 100w, https://nhakhoakim.com/wp-content/uploads/2016/11/iconDC-18x20.png 18w\" data-sizes=\"(max-width: 16px) 100vw, 16px\" data-style=\"\" data-l=\"\" />&nbsp;Sử dụng thuốc tẩy trắng răng chất lượng, được FDA chứng nhận an to&agrave;n, kh&ocirc;ng g&acirc;y ảnh hưởng đến sức khỏe răng miệng hay l&agrave;m hại đến men răng. Kết hợp &aacute;nh s&aacute;ng xanh laser hiện đại, đ&atilde; được điều tiết cường độ hoạt động gi&uacute;p r&uacute;t ngắn thời gian thực hiện, nhưng đem đến hiệu quả cao hơn nhiều lần v&agrave; kh&ocirc;ng x&acirc;m lấn đến cấu tr&uacute;c của răng.</span></p>\r\n<p style=\"box-sizing: border-box; color: #404a64; font-size: 17.6px; overflow-wrap: break-word; font-weight: 400; margin-top: 0px !important; margin-bottom: 1rem !important; line-height: 1.5 !important;\"><span style=\"box-sizing: border-box; font-size: 16px;\"><img class=\"alignnone wp-image-19862 img-fluid\" style=\"box-sizing: border-box; vertical-align: middle; border-style: none; max-width: 100%; height: auto;\" src=\"https://nhakhoakim.com/wp-content/uploads/2016/11/iconDC.png\" sizes=\"(max-width: 16px) 100vw, 16px\" srcset=\"https://nhakhoakim.com/wp-content/uploads/2016/11/iconDC.png 231w, https://nhakhoakim.com/wp-content/uploads/2016/11/iconDC-100x100.png 100w, https://nhakhoakim.com/wp-content/uploads/2016/11/iconDC-18x20.png 18w\" alt=\"\" width=\"16\" height=\"17\" data-src=\"https://nhakhoakim.com/wp-content/uploads/2016/11/iconDC.png\" data-srcset=\"https://nhakhoakim.com/wp-content/uploads/2016/11/iconDC.png 231w, https://nhakhoakim.com/wp-content/uploads/2016/11/iconDC-100x100.png 100w, https://nhakhoakim.com/wp-content/uploads/2016/11/iconDC-18x20.png 18w\" data-sizes=\"(max-width: 16px) 100vw, 16px\" data-style=\"\" data-l=\"\" />&nbsp;Mỗi ghế nha khoa được sắp xếp 1 ph&ograve;ng ri&ecirc;ng biệt v&agrave; mỗi kh&aacute;ch h&agrave;ng khi tới được trang bị 1 bộ tay khoan ri&ecirc;ng, bộ dụng cụ ri&ecirc;ng nhằm đảm bảo v&ocirc; tr&ugrave;ng, tr&aacute;nh t&igrave;nh trạng l&acirc;y nhiễm ch&eacute;o.</span></p>\r\n<p style=\"box-sizing: border-box; color: #404a64; font-size: 17.6px; overflow-wrap: break-word; font-weight: 400; margin-top: 0px !important; margin-bottom: 1rem !important; line-height: 1.5 !important;\"><span style=\"box-sizing: border-box; font-size: 16px;\">Kh&aacute;ch h&agrave;ng c&oacute; nhu cầu v&agrave; muốn t&igrave;m hiểu r&otilde; hơn về dịch vụ h&atilde;y đến trực tiếp tại Nha Khoa Kim để được hỗ trợ tốt nhất.</span></p>\r\n<p><span style=\"box-sizing: border-box; font-size: 16px;\">&nbsp;</span></p>', 2000000, 1, '2021-12-07 01:33:14', '2021-12-21 08:49:07', '30'),
(44, 'Bọc răng sứ', 'Xóa bọ mặc cảm,tự tin tỏa sáng với khoe nụ cười đẹp rạng ngời', 'img\\61c19511a8fa2-rangsu.jpg', '<h2 style=\"box-sizing: border-box; margin-top: 0px; margin-bottom: 0.5rem; font-weight: 400; line-height: 1.5; font-size: 24px; color: #f6921e; font-family: Roboto, sans-serif; background-color: #ffffff;\"><span style=\"box-sizing: border-box; color: #ff9900; font-size: 20px;\"><span style=\"box-sizing: border-box; font-weight: bolder;\">Bọc răng sứ l&agrave; g&igrave;? Trường hợp n&agrave;o n&ecirc;n bọc răng sứ?</span></span></h2>\r\n<p style=\"box-sizing: border-box; color: #404a64; font-size: 17.6px; overflow-wrap: break-word; font-family: Roboto, sans-serif; background-color: #ffffff; text-align: justify; margin-top: 0px !important; margin-bottom: 1rem !important; line-height: 1.5 !important;\">Bọc răng sứ (phục h&igrave;nh cố định răng sứ) l&agrave; sử dụng răng sứ được l&agrave;m ho&agrave;n to&agrave;n từ sứ hoặc sứ kết hợp c&ugrave;ng Nha Khoa Đ&ocirc;ng Anh loại để chụp l&ecirc;n phần răng khiếm khuyết hoặc hư tổn để t&aacute;i tạo h&igrave;nh d&aacute;ng, k&iacute;ch thước v&agrave; m&agrave;u sắc như răng thật.</p>\r\n<p style=\"box-sizing: border-box; color: #404a64; font-size: 17.6px; overflow-wrap: break-word; font-family: Roboto, sans-serif; background-color: #ffffff; margin-top: 0px !important; margin-bottom: 1rem !important; line-height: 1.5 !important;\"><img class=\"wp-image-37416 aligncenter img-fluid\" style=\"box-sizing: border-box; vertical-align: middle; border-style: none; max-width: 100%; height: auto; clear: both; display: block; margin: 6px auto; text-align: center;\" src=\"https://nhakhoakim.com/wp-content/uploads/2019/08/Mau-rang-su-Nha-Khoa-Kim-scaled.jpg\" sizes=\"(max-width: 700px) 100vw, 700px\" srcset=\"https://nhakhoakim.com/wp-content/uploads/2019/08/Mau-rang-su-Nha-Khoa-Kim-scaled.jpg 2560w, https://nhakhoakim.com/wp-content/uploads/2019/08/Mau-rang-su-Nha-Khoa-Kim-scaled-768x478.jpg 768w, https://nhakhoakim.com/wp-content/uploads/2019/08/Mau-rang-su-Nha-Khoa-Kim-scaled-555x345.jpg 555w, https://nhakhoakim.com/wp-content/uploads/2019/08/Mau-rang-su-Nha-Khoa-Kim-scaled-20x12.jpg 20w\" alt=\"Bọc răng sứ - Tự tin tỏa s&aacute;ng với nụ cười đẹp rạng ngời\" width=\"700\" height=\"435\" data-src=\"https://nhakhoakim.com/wp-content/uploads/2019/08/Mau-rang-su-Nha-Khoa-Kim-scaled.jpg\" data-srcset=\"https://nhakhoakim.com/wp-content/uploads/2019/08/Mau-rang-su-Nha-Khoa-Kim-scaled.jpg 2560w, https://nhakhoakim.com/wp-content/uploads/2019/08/Mau-rang-su-Nha-Khoa-Kim-scaled-768x478.jpg 768w, https://nhakhoakim.com/wp-content/uploads/2019/08/Mau-rang-su-Nha-Khoa-Kim-scaled-555x345.jpg 555w, https://nhakhoakim.com/wp-content/uploads/2019/08/Mau-rang-su-Nha-Khoa-Kim-scaled-20x12.jpg 20w\" data-sizes=\"(max-width: 700px) 100vw, 700px\" data-style=\"\" data-l=\"\" /></p>\r\n<p style=\"box-sizing: border-box; color: #404a64; font-size: 17.6px; overflow-wrap: break-word; font-family: Roboto, sans-serif; background-color: #ffffff; text-align: center; margin-top: 0px !important; margin-bottom: 1rem !important; line-height: 1.5 !important;\"><span style=\"box-sizing: border-box; font-size: 14px;\"><em style=\"box-sizing: border-box; display: block;\"><span style=\"box-sizing: border-box;\">Bọc răng sứ &ndash; Tự tin tỏa s&aacute;ng với nụ cười đẹp rạng ngời</span></em></span></p>\r\n<p style=\"box-sizing: border-box; color: #404a64; font-size: 17.6px; overflow-wrap: break-word; font-family: Roboto, sans-serif; background-color: #ffffff; margin-top: 0px !important; margin-bottom: 1rem !important; line-height: 1.5 !important;\"><span style=\"box-sizing: border-box; font-weight: 600;\">C&oacute; 2 phương ph&aacute;p răng sứ:</span></p>\r\n<ul style=\"box-sizing: border-box; margin-top: 0px; margin-bottom: 1rem; font-size: 16px; color: #30374b; font-family: Roboto, sans-serif; background-color: #ffffff;\">\r\n<li style=\"box-sizing: border-box; text-align: justify;\">Bọc sứ: phương ph&aacute;p sử dụng răng sứ để chụp l&ecirc;n tr&ecirc;n răng thật.&nbsp;</li>\r\n<li style=\"box-sizing: border-box; text-align: justify;\">D&aacute;n sứ: phương ph&aacute;p sử dụng mặt d&aacute;n l&agrave;m bằng lớp răng sứ mỏng nguy&ecirc;n khối c&oacute; h&igrave;nh d&aacute;ng v&agrave; k&iacute;ch thước như răng thật d&aacute;n l&ecirc;n mặt trước của răng. Phương ph&aacute;p n&agrave;y ph&ugrave; hợp cho kh&aacute;ch h&agrave;ng c&oacute; cung răng đều đẹp sẵn.</li>\r\n</ul>\r\n<p style=\"box-sizing: border-box; color: #404a64; font-size: 17.6px; overflow-wrap: break-word; font-family: Roboto, sans-serif; background-color: #ffffff; margin-top: 0px !important; margin-bottom: 1rem !important; line-height: 1.5 !important;\"><span style=\"box-sizing: border-box; font-weight: 600;\">Bọc răng sứ thẩm mỹ được &aacute;p dụng cho nhiều trường hợp kh&aacute;c nhau:</span></p>\r\n<p style=\"box-sizing: border-box; color: #404a64; font-size: 17.6px; overflow-wrap: break-word; font-family: Roboto, sans-serif; background-color: #ffffff; margin-top: 0px !important; margin-bottom: 1rem !important; line-height: 1.5 !important;\"><img class=\"aligncenter wp-image-34263 img-fluid\" style=\"box-sizing: border-box; vertical-align: middle; border-style: none; max-width: 100%; height: auto; clear: both; display: block; margin: 6px auto; text-align: center;\" src=\"https://nhakhoakim.com/wp-content/uploads/2021/07/rang-su-tham-my-nha-khoa-kim-2.jpg\" sizes=\"(max-width: 700px) 100vw, 700px\" srcset=\"https://nhakhoakim.com/wp-content/uploads/2021/07/rang-su-tham-my-nha-khoa-kim-2.jpg 608w, https://nhakhoakim.com/wp-content/uploads/2021/07/rang-su-tham-my-nha-khoa-kim-2-555x281.jpg 555w, https://nhakhoakim.com/wp-content/uploads/2021/07/rang-su-tham-my-nha-khoa-kim-2-20x10.jpg 20w\" alt=\"C&aacute;c trường hợp n&ecirc;n bọc răng sứ Nha Khoa Kim\" width=\"700\" height=\"355\" data-src=\"https://nhakhoakim.com/wp-content/uploads/2021/07/rang-su-tham-my-nha-khoa-kim-2.jpg\" data-srcset=\"https://nhakhoakim.com/wp-content/uploads/2021/07/rang-su-tham-my-nha-khoa-kim-2.jpg 608w, https://nhakhoakim.com/wp-content/uploads/2021/07/rang-su-tham-my-nha-khoa-kim-2-555x281.jpg 555w, https://nhakhoakim.com/wp-content/uploads/2021/07/rang-su-tham-my-nha-khoa-kim-2-20x10.jpg 20w\" data-sizes=\"(max-width: 700px) 100vw, 700px\" data-style=\"\" data-l=\"\" /></p>\r\n<p style=\"box-sizing: border-box; color: #404a64; font-size: 17.6px; overflow-wrap: break-word; font-family: Roboto, sans-serif; background-color: #ffffff; text-align: center; margin-top: 0px !important; margin-bottom: 1rem !important; line-height: 1.5 !important;\"><span style=\"box-sizing: border-box; font-size: 14px;\"><em style=\"box-sizing: border-box; display: block;\">6 trường hợp n&ecirc;n bọc răng sứ</em></span></p>\r\n<h2 style=\"box-sizing: border-box; margin-top: 0px; margin-bottom: 0.5rem; font-weight: 400; line-height: 1.5; font-size: 24px; color: #f6921e; font-family: Roboto, sans-serif; background-color: #ffffff;\"><span id=\"Bon_uu_diem_cua_boc_rang_su_tham_my\" class=\"ez-toc-section\" style=\"box-sizing: border-box;\"></span><span style=\"box-sizing: border-box; font-size: 20px;\"><span style=\"box-sizing: border-box; font-weight: 600;\"><span style=\"box-sizing: border-box; color: #ff9900;\">Bốn ưu điểm của bọc răng sứ thẩm mỹ</span></span></span></h2>\r\n<h3 style=\"box-sizing: border-box; margin-top: 0px; margin-bottom: 0.5rem; line-height: 1.5; font-size: 20px; color: #30374b; font-family: Roboto, sans-serif; background-color: #ffffff; text-align: justify;\"><span id=\"Khac_phuc_tinh_trang_tham_my_cua_rang\" class=\"ez-toc-section\" style=\"box-sizing: border-box;\"></span><span style=\"box-sizing: border-box;\">Khắc phục t&igrave;nh trạng thẩm mỹ của răng</span></h3>\r\n<p style=\"box-sizing: border-box; color: #404a64; font-size: 17.6px; overflow-wrap: break-word; font-family: Roboto, sans-serif; background-color: #ffffff; text-align: justify; margin-top: 0px !important; margin-bottom: 1rem !important; line-height: 1.5 !important;\">Răng sứ được thiết kế với m&agrave;u sắc, h&igrave;nh d&aacute;ng đẹp hơn răng thật ban đầu n&ecirc;n sau khi bọc răng sứ thẩm mỹ c&oacute; thể khắc phục tối đa c&aacute;c những khuyết điểm của răng xấu, g&atilde;y, bị bể vỡ gi&uacute;p răng đẹp, đều v&agrave; trắng s&aacute;ng ho&agrave;n hảo.</p>\r\n<h3 style=\"box-sizing: border-box; margin-top: 0px; margin-bottom: 0.5rem; line-height: 1.5; font-size: 20px; color: #30374b; font-family: Roboto, sans-serif; background-color: #ffffff; text-align: justify;\"><span id=\"Khoi_phuc_chuc_nang_an_nhai\" class=\"ez-toc-section\" style=\"box-sizing: border-box;\"></span><span style=\"box-sizing: border-box;\">Kh&ocirc;i phục chức năng ăn nhai</span></h3>\r\n<p style=\"box-sizing: border-box; color: #404a64; font-size: 17.6px; overflow-wrap: break-word; font-family: Roboto, sans-serif; background-color: #ffffff; text-align: justify; margin-top: 0px !important; margin-bottom: 1rem !important; line-height: 1.5 !important;\">Răng sứ rất cứng chắc, chịu lực ăn nhai tốt n&ecirc;n sau khi bọc răng sứ, răng thật kh&ocirc;ng chỉ được bảo vệ, gi&uacute;p bền chắc m&agrave; c&ograve;n đảm bảo chức năng ăn nhai tốt. Đặc biệt với những trường hợp mất răng, bọc răng sứ bằng c&aacute;ch l&agrave;m cầu răng sứ sẽ gi&uacute;p kh&ocirc;i phục cho răng đ&atilde; mất, tăng khả năng ăn nhai cho to&agrave;n h&agrave;m.</p>\r\n<h3 style=\"box-sizing: border-box; margin-top: 0px; margin-bottom: 0.5rem; line-height: 1.5; font-size: 20px; color: #30374b; font-family: Roboto, sans-serif; background-color: #ffffff; text-align: justify;\"><span id=\"Thoi_gian_boc_rang_su_nhanh\" class=\"ez-toc-section\" style=\"box-sizing: border-box;\"></span><span style=\"box-sizing: border-box;\">Thời gian bọc răng sứ nhanh</span></h3>\r\n<p style=\"box-sizing: border-box; color: #404a64; font-size: 17.6px; overflow-wrap: break-word; font-family: Roboto, sans-serif; background-color: #ffffff; text-align: justify; margin-top: 0px !important; margin-bottom: 1rem !important; line-height: 1.5 !important;\">To&agrave;n bộ thời gian l&agrave;m răng sứ chỉ mất thời gian từ 3 &ndash; 5 ng&agrave;y để ho&agrave;n tất dịch vụ.</p>\r\n<ul style=\"box-sizing: border-box; margin-top: 0px; margin-bottom: 1rem; font-size: 16px; color: #30374b; font-family: Roboto, sans-serif; background-color: #ffffff;\">\r\n<li style=\"box-sizing: border-box;\">Ng&agrave;y thứ 1 &ndash; 2: Thăm kh&aacute;m, m&agrave;i c&ugrave;i, lấy dấu, gắn răng tạm.</li>\r\n<li style=\"box-sizing: border-box;\">Ng&agrave;y thứ 3 &ndash; 5: Thử sứ, gắn răng sứ ho&agrave;n chỉnh.</li>\r\n</ul>\r\n<h3 style=\"box-sizing: border-box; margin-top: 0px; margin-bottom: 0.5rem; line-height: 1.5; font-size: 20px; color: #30374b; font-family: Roboto, sans-serif; background-color: #ffffff; text-align: justify;\"><span id=\"Chi_phi_hop_ly_da_dang\" class=\"ez-toc-section\" style=\"box-sizing: border-box;\"></span><span style=\"box-sizing: border-box;\">Chi ph&iacute; hợp l&yacute;, đa dạng</span></h3>\r\n<p style=\"box-sizing: border-box; color: #404a64; font-size: 17.6px; overflow-wrap: break-word; font-family: Roboto, sans-serif; background-color: #ffffff; text-align: justify; margin-top: 0px !important; margin-bottom: 1rem !important; line-height: 1.5 !important;\">Đa dạng c&aacute;c loại sản phẩm răng sứ với mức chi ph&iacute; kh&aacute;c nhau t&ugrave;y theo nhu cầu của kh&aacute;ch h&agrave;ng.</p>\r\n<p style=\"box-sizing: border-box; color: #404a64; font-size: 17.6px; overflow-wrap: break-word; font-family: Roboto, sans-serif; background-color: #ffffff; text-align: center; margin-top: 0px !important; margin-bottom: 1rem !important; line-height: 1.5 !important;\"><img class=\"alignnone wp-image-34296 img-fluid\" style=\"box-sizing: border-box; vertical-align: middle; border-style: none; max-width: 100%; height: auto;\" src=\"https://nhakhoakim.com/wp-content/uploads/2018/07/boc-rang-su-Nha-Khoa-Kim.png\" sizes=\"(max-width: 700px) 100vw, 700px\" srcset=\"https://nhakhoakim.com/wp-content/uploads/2018/07/boc-rang-su-Nha-Khoa-Kim.png 1734w, https://nhakhoakim.com/wp-content/uploads/2018/07/boc-rang-su-Nha-Khoa-Kim-768x513.png 768w, https://nhakhoakim.com/wp-content/uploads/2018/07/boc-rang-su-Nha-Khoa-Kim-555x371.png 555w, https://nhakhoakim.com/wp-content/uploads/2018/07/boc-rang-su-Nha-Khoa-Kim-20x13.png 20w\" alt=\"kh&aacute;ch h&agrave;ng bọc răng sứ tại Nha Khoa Kim\" width=\"700\" height=\"467\" data-src=\"https://nhakhoakim.com/wp-content/uploads/2018/07/boc-rang-su-Nha-Khoa-Kim.png\" data-srcset=\"https://nhakhoakim.com/wp-content/uploads/2018/07/boc-rang-su-Nha-Khoa-Kim.png 1734w, https://nhakhoakim.com/wp-content/uploads/2018/07/boc-rang-su-Nha-Khoa-Kim-768x513.png 768w, https://nhakhoakim.com/wp-content/uploads/2018/07/boc-rang-su-Nha-Khoa-Kim-555x371.png 555w, https://nhakhoakim.com/wp-content/uploads/2018/07/boc-rang-su-Nha-Khoa-Kim-20x13.png 20w\" data-sizes=\"(max-width: 700px) 100vw, 700px\" data-style=\"\" data-l=\"\" /></p>\r\n<p style=\"box-sizing: border-box; color: #404a64; font-size: 17.6px; overflow-wrap: break-word; font-family: Roboto, sans-serif; background-color: #ffffff; text-align: center; margin-top: 0px !important; margin-bottom: 1rem !important; line-height: 1.5 !important;\"><span style=\"box-sizing: border-box; font-size: 14px;\"><em style=\"box-sizing: border-box; display: block;\">Kh&aacute;ch h&agrave;ng đến Nha Khoa Đ&ocirc;ng Anh điều trị v&agrave; h&agrave;i l&ograve;ng với h&agrave;m răng sứ trắng đẹp rạng rỡ</em></span></p>', 10000000, 1, '2021-12-20 13:35:40', '2021-12-21 08:49:21', '50'),
(45, 'Nhổ Răng Khôn', 'An toàn, không đau, hồi phục nhanh, không để lại sẹo và hệ lụy về sau', 'img\\61c1951fa8163-2.jpg', '<h2 style=\"box-sizing: border-box; margin-top: 0px; margin-bottom: 0.5rem; font-weight: 400; line-height: 1.5; font-size: 24px; color: #f6921e; font-family: Roboto, sans-serif; background-color: #ffffff; text-align: justify;\"><span style=\"box-sizing: border-box; font-weight: 600;\"><span style=\"box-sizing: border-box; font-size: 20px;\"><span style=\"box-sizing: border-box; color: #ff9900;\">Tại sao b&aacute;c sĩ chỉ định nhổ răng kh&ocirc;n mọc ngầm?</span></span></span></h2>\r\n<p style=\"box-sizing: border-box; color: #404a64; font-size: 17.6px; overflow-wrap: break-word; font-family: Roboto, sans-serif; background-color: #ffffff; text-align: justify; margin-top: 0px !important; margin-bottom: 1rem !important; line-height: 1.5 !important;\"><span style=\"box-sizing: border-box; font-size: 16px;\">Răng kh&ocirc;n l&agrave; chiếc răng cối lớn thứ 3 v&agrave; thường mọc khi ch&uacute;ng ta c&oacute; độ tuổi từ 17 &ndash; 25 tuổi. Tất cả mọi người đều c&oacute; 4 c&aacute;i răng kh&ocirc;n, bao gồm 2 c&aacute;i h&agrave;m dưới v&agrave; 2 c&aacute;i h&agrave;m tr&ecirc;n. Do răng kh&ocirc;n mọc l&uacute;c&nbsp;xương h&agrave;m đ&atilde; ngừng tăng trưởng&nbsp;v&agrave;&nbsp;ph&aacute;t triển, &iacute;t chịu t&aacute;c động bởi qu&aacute; tr&igrave;nh ăn uống h&agrave;ng ng&agrave;y&nbsp;n&ecirc;n hiện tượng răng kh&ocirc;n bị mọc ngầm, mọc lệch l&agrave; điều dễ hiểu.</span></p>\r\n<p style=\"box-sizing: border-box; color: #404a64; font-size: 17.6px; overflow-wrap: break-word; font-family: Roboto, sans-serif; background-color: #ffffff; margin-top: 0px !important; margin-bottom: 1rem !important; line-height: 1.5 !important;\"><span style=\"box-sizing: border-box; font-size: 16px;\">T&igrave;nh trạng n&agrave;y kh&ocirc;ng chỉ g&acirc;y đau đớn, kh&oacute; chịu, m&agrave; c&ograve;n ảnh hưởng đến cấu tr&uacute;c h&agrave;m mặt, sức khỏe răng miệng. V&igrave; vậy nhổ răng kh&ocirc;n mọc ngầm ch&iacute;nh l&agrave; c&aacute;ch giải quyết tốt nhất bảo vệ h&agrave;m răng của bạn.</span></p>\r\n<p style=\"box-sizing: border-box; color: #404a64; font-size: 17.6px; overflow-wrap: break-word; font-family: Roboto, sans-serif; background-color: #ffffff; text-align: center; margin-top: 0px !important; margin-bottom: 1rem !important; line-height: 1.5 !important;\"><span style=\"box-sizing: border-box; font-size: 14px;\"><em style=\"box-sizing: border-box; display: block;\"><img class=\"aligncenter wp-image-20204 img-fluid\" style=\"box-sizing: border-box; vertical-align: middle; border-style: none; max-width: 100%; height: auto; clear: both; display: block; margin: 6px auto;\" src=\"https://nhakhoakim.com/wp-content/uploads/2016/11/wisdom-teeth-service-1.jpg\" sizes=\"(max-width: 700px) 100vw, 700px\" srcset=\"https://nhakhoakim.com/wp-content/uploads/2016/11/wisdom-teeth-service-1.jpg 900w, https://nhakhoakim.com/wp-content/uploads/2016/11/wisdom-teeth-service-1-768x427.jpg 768w, https://nhakhoakim.com/wp-content/uploads/2016/11/wisdom-teeth-service-1-555x308.jpg 555w, https://nhakhoakim.com/wp-content/uploads/2016/11/wisdom-teeth-service-1-20x11.jpg 20w\" alt=\"răng kh&ocirc;n mọc ngầm 3\" width=\"700\" height=\"389\" data-src=\"https://nhakhoakim.com/wp-content/uploads/2016/11/wisdom-teeth-service-1.jpg\" data-srcset=\"https://nhakhoakim.com/wp-content/uploads/2016/11/wisdom-teeth-service-1.jpg 900w, https://nhakhoakim.com/wp-content/uploads/2016/11/wisdom-teeth-service-1-768x427.jpg 768w, https://nhakhoakim.com/wp-content/uploads/2016/11/wisdom-teeth-service-1-555x308.jpg 555w, https://nhakhoakim.com/wp-content/uploads/2016/11/wisdom-teeth-service-1-20x11.jpg 20w\" data-sizes=\"(max-width: 700px) 100vw, 700px\" data-style=\"\" data-l=\"\" /></em></span></p>\r\n<p style=\"box-sizing: border-box; color: #404a64; font-size: 17.6px; overflow-wrap: break-word; font-family: Roboto, sans-serif; background-color: #ffffff; text-align: center; margin-top: 0px !important; margin-bottom: 1rem !important; line-height: 1.5 !important;\"><span style=\"box-sizing: border-box; font-size: 14px;\"><em style=\"box-sizing: border-box; display: block;\">Răng kh&ocirc;n mọc ngầm g&acirc;y đau nhức, ảnh hưởng tới c&aacute;c răng kế cận</em></span></p>\r\n<h2 style=\"box-sizing: border-box; margin-top: 0px; margin-bottom: 0.5rem; font-weight: 400; line-height: 1.5; font-size: 24px; color: #f6921e; font-family: Roboto, sans-serif; background-color: #ffffff; text-align: justify;\"><span id=\"Khi_nao_nen_nho_rang_khon\" class=\"ez-toc-section\" style=\"box-sizing: border-box;\"></span><span style=\"box-sizing: border-box; font-weight: 600;\"><span style=\"box-sizing: border-box; font-size: 20px; color: #ff9900;\">Khi n&agrave;o n&ecirc;n nhổ răng kh&ocirc;n?</span></span></h2>\r\n<ul style=\"box-sizing: border-box; margin-top: 0px; margin-bottom: 1rem; font-size: 16px; color: #30374b; font-family: Roboto, sans-serif; background-color: #ffffff;\">\r\n<li style=\"box-sizing: border-box; text-align: justify;\"><span style=\"box-sizing: border-box;\">Răng kh&ocirc;n mọc ngầm, mọc lệch, mọc kẹt, đ&acirc;m ngang v&agrave;o răng số 7</span></li>\r\n<li style=\"box-sizing: border-box; text-align: justify;\"><span style=\"box-sizing: border-box;\">Răng kh&ocirc;n g&acirc;y đau nhức, vi&ecirc;m nhiễm, kh&oacute; chịu trong thời gian d&agrave;i</span></li>\r\n<li style=\"box-sizing: border-box; text-align: justify;\"><span style=\"box-sizing: border-box;\">H&igrave;nh dạng răng kh&ocirc;n bất thường, nhỏ, dị dạng, g&acirc;y nhồi nh&eacute;t thức ăn với răng b&ecirc;n cạnh</span></li>\r\n<li style=\"box-sizing: border-box; text-align: justify;\"><span style=\"box-sizing: border-box;\">Răng kh&ocirc;n bị nha chu, s&acirc;u răng</span></li>\r\n<li style=\"box-sizing: border-box; text-align: justify;\"><span style=\"box-sizing: border-box;\">Chỉ định nhổ răng kh&ocirc;n khi chỉnh h&igrave;nh, l&agrave;m răng giả</span></li>\r\n<li style=\"box-sizing: border-box; text-align: justify;\"><span style=\"box-sizing: border-box;\">Răng kh&ocirc;n khiến cấu tạo xương h&agrave;m mặt kh&ocirc;ng c&acirc;n xứng</span></li>\r\n<li style=\"box-sizing: border-box; text-align: justify;\"><span style=\"box-sizing: border-box;\">Giữa răng kh&ocirc;n v&agrave; răng b&ecirc;n cạnh c&oacute; khe giắt thức ăn dẫn đến hiện tượng s&acirc;u răng, vi&ecirc;m nhiễm</span></li>\r\n</ul>', 2000000, 1, '2021-12-20 13:39:58', '2021-12-21 08:49:35', '30');
INSERT INTO `services` (`id`, `name`, `title`, `image`, `description`, `price`, `status`, `created_at`, `updated_at`, `time`) VALUES
(46, 'Điều trị tủy răng', 'Viêm tủy răng là nguyên nhân phổ biến gây đau nhức và mất răng. Viêm tủy răng bao gồm viêm vùng tủy của răng và mô bao xung quanh răng đó.', 'img\\61c1952e7e960-3.png', '<h2 style=\"box-sizing: border-box; margin-top: 0px; margin-bottom: 0.5rem; font-weight: 400; line-height: 1.5; font-size: 24px; color: #f6921e; font-family: Roboto, sans-serif; background-color: #ffffff;\"><span style=\"box-sizing: border-box; font-weight: 600;\"><span style=\"box-sizing: border-box; font-size: 20px; color: #ff9900;\">Nguy&ecirc;n nh&acirc;n của vi&ecirc;m tủy răng?&nbsp;</span></span></h2>\r\n<p style=\"box-sizing: border-box; color: #404a64; font-size: 17.6px; overflow-wrap: break-word; font-family: Roboto, sans-serif; background-color: #ffffff; text-align: justify; margin-top: 0px !important; margin-bottom: 1rem !important; line-height: 1.5 !important;\"><span style=\"box-sizing: border-box; font-size: 16px;\">Tủy răng bị vi&ecirc;m, hư tổn l&agrave; một dạng bệnh l&yacute; phổ biến ở răng miệng do một trong c&aacute;c nguy&ecirc;n nh&acirc;n sau g&acirc;y ra:</span></p>\r\n<ul style=\"box-sizing: border-box; margin-top: 0px; margin-bottom: 1rem; font-size: 16px; color: #30374b; font-family: Roboto, sans-serif; background-color: #ffffff;\">\r\n<li style=\"box-sizing: border-box; text-align: justify;\"><span style=\"box-sizing: border-box;\">Răng bị mẻ vỡ, nứt g&atilde;y.</span></li>\r\n<li style=\"box-sizing: border-box; text-align: justify;\"><span style=\"box-sizing: border-box;\">Răng bị vi khuẩn x&acirc;m hại, s&acirc;u răng l&acirc;u ng&agrave;y kh&ocirc;ng được điều trị.</span></li>\r\n<li style=\"box-sizing: border-box; text-align: justify;\"><span style=\"box-sizing: border-box;\">C&aacute;c răng bị chấn thương bị đứt mạnh m&aacute;u nu&ocirc;i tủy răng.</span></li>\r\n<li style=\"box-sizing: border-box; text-align: justify;\"><span style=\"box-sizing: border-box;\">Những răng bị m&ograve;n, vi&ecirc;m quanh răng.</span></li>\r\n</ul>\r\n<p style=\"box-sizing: border-box; color: #404a64; font-size: 17.6px; overflow-wrap: break-word; font-family: Roboto, sans-serif; background-color: #ffffff; text-align: center; margin-top: 0px !important; margin-bottom: 1rem !important; line-height: 1.5 !important;\"><img class=\"alignnone wp-image-20446 img-fluid\" style=\"box-sizing: border-box; vertical-align: middle; border-style: none; max-width: 100%; height: auto;\" src=\"https://nhakhoakim.com/wp-content/uploads/2016/11/Vi%C3%AAm-t%E1%BB%A7y-r%C4%83ng.png\" sizes=\"(max-width: 733px) 100vw, 733px\" srcset=\"https://nhakhoakim.com/wp-content/uploads/2016/11/Vi&ecirc;m-tủy-răng.png 640w, https://nhakhoakim.com/wp-content/uploads/2016/11/Vi&ecirc;m-tủy-răng-555x330.png 555w, https://nhakhoakim.com/wp-content/uploads/2016/11/Vi&ecirc;m-tủy-răng-20x12.png 20w\" alt=\"điều trị tủy răng 3\" width=\"733\" height=\"435\" data-src=\"https://nhakhoakim.com/wp-content/uploads/2016/11/Vi&ecirc;m-tủy-răng.png\" data-srcset=\"https://nhakhoakim.com/wp-content/uploads/2016/11/Vi&ecirc;m-tủy-răng.png 640w, https://nhakhoakim.com/wp-content/uploads/2016/11/Vi&ecirc;m-tủy-răng-555x330.png 555w, https://nhakhoakim.com/wp-content/uploads/2016/11/Vi&ecirc;m-tủy-răng-20x12.png 20w\" data-sizes=\"(max-width: 733px) 100vw, 733px\" data-style=\"\" data-l=\"\" /></p>\r\n<p style=\"box-sizing: border-box; color: #404a64; font-size: 17.6px; overflow-wrap: break-word; font-family: Roboto, sans-serif; background-color: #ffffff; text-align: center; margin-top: 0px !important; margin-bottom: 1rem !important; line-height: 1.5 !important;\"><em style=\"box-sizing: border-box;\"><span style=\"box-sizing: border-box; font-size: 14px;\">Vi&ecirc;m tủy răng g&acirc;y đau nhức v&agrave; ảnh hưởng tuổi thọ của răng</span></em></p>\r\n<h2 style=\"box-sizing: border-box; margin-top: 0px; margin-bottom: 0.5rem; font-weight: 400; line-height: 1.5; font-size: 24px; color: #f6921e; font-family: Roboto, sans-serif; background-color: #ffffff; text-align: justify;\"><span id=\"Dieu_tri_tuy_rang_co_tac_dung_gi\" class=\"ez-toc-section\" style=\"box-sizing: border-box;\"></span><span style=\"box-sizing: border-box; font-weight: 600;\"><span style=\"box-sizing: border-box; font-size: 20px; color: #ff9900;\">Điều trị tủy răng c&oacute; t&aacute;c dụng g&igrave;?</span></span></h2>\r\n<p style=\"box-sizing: border-box; color: #404a64; font-size: 17.6px; overflow-wrap: break-word; font-family: Roboto, sans-serif; background-color: #ffffff; text-align: justify; margin-top: 0px !important; margin-bottom: 1rem !important; line-height: 1.5 !important;\"><span style=\"box-sizing: border-box; font-size: 16px;\">Trong cấu tr&uacute;c răng, tủy răng đ&oacute;ng vai tr&ograve; rất quan trọng l&agrave; cung cấp dinh dưỡng nu&ocirc;i sống v&agrave; gi&uacute;p răng lu&ocirc;n vững chắc, v&agrave; khi tủy răng bị vi&ecirc;m nếu kh&ocirc;ng được điều trị kịp thời g&acirc;y ra nhiều hậu quả nghi&ecirc;m trọng đối với sức khỏe của bạn. Điều trị tủy sớm sẽ gi&uacute;p người bệnh:</span></p>\r\n<ul style=\"box-sizing: border-box; margin-top: 0px; margin-bottom: 1rem; font-size: 16px; color: #30374b; font-family: Roboto, sans-serif; background-color: #ffffff;\">\r\n<li style=\"box-sizing: border-box; text-align: justify;\"><span style=\"box-sizing: border-box;\">Kịp thời tr&aacute;nh những cơn đau nhức kh&oacute; chịu ảnh hưởng đến sức khỏe, ổn định khả năng ăn nhai.</span></li>\r\n<li style=\"box-sizing: border-box; text-align: justify;\"><span style=\"box-sizing: border-box;\">Ngăn chặn t&igrave;nh trạng l&acirc;y lan ra diện rộng g&acirc;y ti&ecirc;u xương v&agrave; nguy cơ mất răng.</span></li>\r\n<li style=\"box-sizing: border-box; text-align: justify;\"><span style=\"box-sizing: border-box;\">Ổn định chức năng h&agrave;m nhai khả năng bảo tồn răng tốt hơn v&agrave; kh&ocirc;ng phải nhổ bỏ như c&aacute;c phương ph&aacute;p truyền thống trước đ&acirc;y.</span></li>\r\n<li style=\"box-sizing: border-box; text-align: justify;\"><span style=\"box-sizing: border-box;\">Ngăn chặn xảy ra c&aacute;c biến chứng nguy hiểm như vi&ecirc;m&nbsp;quanh ch&oacute;p, &aacute;p xe quanh ch&oacute;p, nhiễm tr&ugrave;ng m&aacute;u, g&acirc;y hoại tử h&agrave;m mặt&hellip;</span></li>\r\n</ul>\r\n<p style=\"box-sizing: border-box; color: #404a64; font-size: 17.6px; overflow-wrap: break-word; font-family: Roboto, sans-serif; background-color: #ffffff; text-align: center; margin-top: 0px !important; margin-bottom: 1rem !important; line-height: 1.5 !important;\"><img class=\"aligncenter wp-image-20362 size-full img-fluid\" style=\"box-sizing: border-box; vertical-align: middle; border-style: none; max-width: 100%; height: auto; clear: both; display: block; margin: 6px auto;\" src=\"https://nhakhoakim.com/wp-content/uploads/2016/11/iStock_614019446.jpg\" sizes=\"(max-width: 2048px) 100vw, 2048px\" srcset=\"https://nhakhoakim.com/wp-content/uploads/2016/11/iStock_614019446.jpg 2048w, https://nhakhoakim.com/wp-content/uploads/2016/11/iStock_614019446-768x512.jpg 768w, https://nhakhoakim.com/wp-content/uploads/2016/11/iStock_614019446-555x370.jpg 555w, https://nhakhoakim.com/wp-content/uploads/2016/11/iStock_614019446-20x13.jpg 20w\" alt=\"điều trị tủy răng 2\" width=\"2048\" height=\"1365\" data-src=\"https://nhakhoakim.com/wp-content/uploads/2016/11/iStock_614019446.jpg\" data-srcset=\"https://nhakhoakim.com/wp-content/uploads/2016/11/iStock_614019446.jpg 2048w, https://nhakhoakim.com/wp-content/uploads/2016/11/iStock_614019446-768x512.jpg 768w, https://nhakhoakim.com/wp-content/uploads/2016/11/iStock_614019446-555x370.jpg 555w, https://nhakhoakim.com/wp-content/uploads/2016/11/iStock_614019446-20x13.jpg 20w\" data-sizes=\"(max-width: 2048px) 100vw, 2048px\" data-style=\"\" data-l=\"\" /><em style=\"box-sizing: border-box;\"><span style=\"box-sizing: border-box; font-size: 14px;\">Điều trị tủy sẽ gi&uacute;p người bệnh nhanh ch&oacute;ng tho&aacute;t khỏi đau nhức v&agrave; bảo tồn răng</span></em></p>\r\n<h2 style=\"box-sizing: border-box; margin-top: 0px; margin-bottom: 0.5rem; font-weight: 400; line-height: 1.5; font-size: 24px; color: #f6921e; font-family: Roboto, sans-serif; background-color: #ffffff;\"><span id=\"Quy_trinh_dieu_tri_tuy_rang_an_toan_tai_Nha_Khoa_Kim\" class=\"ez-toc-section\" style=\"box-sizing: border-box;\"></span><span style=\"box-sizing: border-box; font-size: 20px;\"><span style=\"box-sizing: border-box; font-weight: 600;\"><span style=\"box-sizing: border-box; color: #ff9900;\">Quy tr&igrave;nh điều trị tủy răng an to&agrave;n tại Nha Khoa Kim</span></span></span></h2>\r\n<p style=\"box-sizing: border-box; color: #404a64; font-size: 17.6px; overflow-wrap: break-word; font-family: Roboto, sans-serif; background-color: #ffffff; margin-top: 0px !important; margin-bottom: 1rem !important; line-height: 1.5 !important;\"><span style=\"box-sizing: border-box; font-size: 16px;\">Tại&nbsp;<a style=\"box-sizing: border-box; color: #017afd; text-decoration-line: none; background-color: transparent;\" href=\"https://nhakhoakim.com/\">Nha Khoa Kim</a>&nbsp;điều trị tủy răng được tiến h&agrave;nh theo quy tr&igrave;nh khoa học, đ&aacute;p ứng c&aacute;c yếu tố, ti&ecirc;u chuẩn của Sở Y tế qua c&aacute;c bước cơ bản sau:</span></p>\r\n<ul style=\"box-sizing: border-box; margin-top: 0px; margin-bottom: 1rem; font-size: 16px; color: #30374b; font-family: Roboto, sans-serif; background-color: #ffffff;\">\r\n<li style=\"box-sizing: border-box; text-align: justify;\"><span style=\"box-sizing: border-box; color: #000000;\"><span style=\"box-sizing: border-box; font-weight: 600;\">Bước 1:</span>&nbsp;Thăm kh&aacute;m v&agrave; chụp phim X quang</span></li>\r\n<li style=\"box-sizing: border-box;\"><span style=\"box-sizing: border-box; color: #000000;\"><span style=\"box-sizing: border-box; font-weight: 600;\">Bước 2:</span>&nbsp;Vệ sinh răng miệng v&agrave; g&acirc;y t&ecirc;</span></li>\r\n<li style=\"box-sizing: border-box;\"><span style=\"box-sizing: border-box; color: #000000;\"><span style=\"box-sizing: border-box; font-weight: 600;\">Bước 3:</span>&nbsp;Đặt đế cao su</span></li>\r\n<li style=\"box-sizing: border-box; text-align: justify;\"><span style=\"box-sizing: border-box; color: #000000;\"><span style=\"box-sizing: border-box; font-weight: 600;\">Bước 4:</span>&nbsp;Tiến h&agrave;nh điều trị tủy&nbsp;</span></li>\r\n<li style=\"box-sizing: border-box; text-align: justify;\"><span style=\"box-sizing: border-box; color: #000000;\"><span style=\"box-sizing: border-box; font-weight: 600;\">Bước 5:</span>&nbsp;Tr&aacute;m b&iacute;t ống tủy</span></li>\r\n</ul>\r\n<p style=\"box-sizing: border-box; color: #404a64; font-size: 17.6px; overflow-wrap: break-word; font-family: Roboto, sans-serif; background-color: #ffffff; margin-top: 0px !important; margin-bottom: 1rem !important; line-height: 1.5 !important;\"><img class=\"show-desktop hide-mobile alignnone wp-image-20562 size-full img-fluid\" style=\"box-sizing: border-box; vertical-align: middle; border-style: none; max-width: 100%; height: auto; display: block;\" src=\"https://nhakhoakim.com/wp-content/uploads/2016/11/QuyTrinh_DieuTriTuy-01.jpg\" sizes=\"(max-width: 2048px) 100vw, 2048px\" srcset=\"https://nhakhoakim.com/wp-content/uploads/2016/11/QuyTrinh_DieuTriTuy-01.jpg 2048w, https://nhakhoakim.com/wp-content/uploads/2016/11/QuyTrinh_DieuTriTuy-01-768x158.jpg 768w, https://nhakhoakim.com/wp-content/uploads/2016/11/QuyTrinh_DieuTriTuy-01-555x114.jpg 555w, https://nhakhoakim.com/wp-content/uploads/2016/11/QuyTrinh_DieuTriTuy-01-20x4.jpg 20w\" alt=\"điều trị tủy răng 4\" width=\"2048\" height=\"420\" data-src=\"https://nhakhoakim.com/wp-content/uploads/2016/11/QuyTrinh_DieuTriTuy-01.jpg\" data-srcset=\"https://nhakhoakim.com/wp-content/uploads/2016/11/QuyTrinh_DieuTriTuy-01.jpg 2048w, https://nhakhoakim.com/wp-content/uploads/2016/11/QuyTrinh_DieuTriTuy-01-768x158.jpg 768w, https://nhakhoakim.com/wp-content/uploads/2016/11/QuyTrinh_DieuTriTuy-01-555x114.jpg 555w, https://nhakhoakim.com/wp-content/uploads/2016/11/QuyTrinh_DieuTriTuy-01-20x4.jpg 20w\" data-sizes=\"(max-width: 2048px) 100vw, 2048px\" data-style=\"\" data-l=\"\" /></p>\r\n<p style=\"box-sizing: border-box; color: #404a64; font-size: 17.6px; overflow-wrap: break-word; font-family: Roboto, sans-serif; background-color: #ffffff; margin-top: 0px !important; margin-bottom: 1rem !important; line-height: 1.5 !important;\">&nbsp;</p>\r\n<p style=\"box-sizing: border-box; color: #404a64; font-size: 17.6px; overflow-wrap: break-word; font-family: Roboto, sans-serif; background-color: #ffffff; text-align: center; margin-top: 0px !important; margin-bottom: 1rem !important; line-height: 1.5 !important;\"><em style=\"box-sizing: border-box;\"><span style=\"box-sizing: border-box; font-size: 14px;\">5 bước điều trị tủy răng tại Nha Khoa Kim</span></em></p>', 1000000, 1, '2021-12-20 13:42:28', '2021-12-21 08:49:50', '30');

-- --------------------------------------------------------

--
-- Cấu trúc bảng cho bảng `setting_system`
--

CREATE TABLE `setting_system` (
  `id` int(11) NOT NULL,
  `name_system` varchar(200) CHARACTER SET utf8 DEFAULT NULL,
  `logo` varchar(255) DEFAULT NULL,
  `address` varchar(150) CHARACTER SET utf8 NOT NULL,
  `operating_hours` text DEFAULT NULL,
  `contact_information` text CHARACTER SET utf8 NOT NULL,
  `status` int(11) DEFAULT 0,
  `updated_at` timestamp NULL DEFAULT NULL,
  `created_at` timestamp NULL DEFAULT NULL,
  `google_map` text NOT NULL,
  `hotline` char(15) DEFAULT NULL,
  `email_contact` varchar(100) DEFAULT NULL,
  `social_fb` varchar(100) DEFAULT NULL,
  `social_yt` varchar(100) DEFAULT NULL,
  `social_instagram` varchar(100) DEFAULT NULL
) ENGINE=MyISAM DEFAULT CHARSET=latin1;

--
-- Đang đổ dữ liệu cho bảng `setting_system`
--

INSERT INTO `setting_system` (`id`, `name_system`, `logo`, `address`, `operating_hours`, `contact_information`, `status`, `updated_at`, `created_at`, `google_map`, `hotline`, `email_contact`, `social_fb`, `social_yt`, `social_instagram`) VALUES
(1, 'Nha khoa Đông Anh', 'img\\61befa2e1f06f-logo.png', 'Ecohome3,Tân Xuân,Đông Ngạc,Bắc Từ liêm,Hà Nội', '07:30 AM to 20:00 PM', '<p>Li&ecirc;n hệ: 1900 6969</p>\r\n<p>Số điện thoại tư vấn: +84987654321</p>\r\n<p>Email : nhakhoadonganh@gmail.com</p>\r\n<p>Ecohome3,T&acirc;n Xu&acirc;n,Đ&ocirc;ng Ngạc,Bắc Từ li&ecirc;m,H&agrave; Nội</p>', 1, '2021-12-21 03:57:07', '2021-11-20 18:08:30', '<iframe src=\"https://www.google.com/maps/embed?pb=!1m18!1m12!1m3!1d3724.5471098236503!2d105.7980963142975!3d21.010783893769016!2m3!1f0!2f0!3f0!3m2!1i1024!2i768!4f13.1!3m3!1m2!1s0x3135aca0b7dd6d79%3A0xffc844a15a088d69!2zMSBUcuG6p24gRHV5IEjGsG5nLCBUcnVuZyBIb8OgLCBD4bqndSBHaeG6pXksIEjDoCBO4buZaSwgVmnhu4d0IE5hbQ!5e0!3m2!1svi!2s!4v1637433449152!5m2!1svi!2s\" width=\"300\" height=\"300\" style=\"border:0;\" allowfullscreen=\"\" loading=\"lazy\"></iframe>', '1900 6969', 'tmqzuang24@gmail.com', 'https://facebook.com', 'https://youtube.com', 'https://instagram.com');

-- --------------------------------------------------------

--
-- Cấu trúc bảng cho bảng `slider_setting`
--

CREATE TABLE `slider_setting` (
  `id` int(11) NOT NULL,
  `description` varchar(255) CHARACTER SET utf8 NOT NULL,
  `image` varchar(255) DEFAULT NULL,
  `url_slug` varchar(250) CHARACTER SET utf8 DEFAULT NULL,
  `title` varchar(255) CHARACTER SET utf8 NOT NULL,
  `status` int(11) DEFAULT 1,
  `created_at` timestamp NOT NULL DEFAULT current_timestamp(),
  `updated_at` timestamp NOT NULL DEFAULT current_timestamp()
) ENGINE=MyISAM DEFAULT CHARSET=latin1;

--
-- Đang đổ dữ liệu cho bảng `slider_setting`
--

INSERT INTO `slider_setting` (`id`, `description`, `image`, `url_slug`, `title`, `status`, `created_at`, `updated_at`) VALUES
(1, 'Chương trính khuyến mãi tháng', 'img\\61a97f51250a4-slides-bg1.jpg', '123-a-c-z-q.jpg', 'Chương trình khám tháng 12', 1, '2021-11-22 16:10:54', '2021-12-26 15:17:02'),
(7, 'Chương trính khuyến mãi tháng 11', 'img\\61a97fb38e7ef-slides-bg2.jpg', 'slider2.jpg', 'Chương trình khám tháng 11', 1, '2021-12-03 02:23:47', '2021-12-22 15:14:56');

-- --------------------------------------------------------

--
-- Cấu trúc bảng cho bảng `users`
--

CREATE TABLE `users` (
  `id` bigint(20) UNSIGNED NOT NULL,
  `name` varchar(191) COLLATE utf8mb4_unicode_ci NOT NULL,
  `email` varchar(191) COLLATE utf8mb4_unicode_ci NOT NULL,
  `avatar` varchar(255) COLLATE utf8mb4_unicode_ci DEFAULT NULL,
  `email_verified_at` timestamp NULL DEFAULT NULL,
  `password` varchar(191) COLLATE utf8mb4_unicode_ci DEFAULT NULL,
  `phone_number` varchar(191) COLLATE utf8mb4_unicode_ci NOT NULL,
  `remember_token` varchar(100) COLLATE utf8mb4_unicode_ci DEFAULT NULL,
  `created_at` timestamp NULL DEFAULT NULL,
  `updated_at` timestamp NULL DEFAULT NULL,
  `role` tinyint(1) DEFAULT 0
) ENGINE=InnoDB DEFAULT CHARSET=utf8mb4 COLLATE=utf8mb4_unicode_ci;

--
-- Đang đổ dữ liệu cho bảng `users`
--

INSERT INTO `users` (`id`, `name`, `email`, `avatar`, `email_verified_at`, `password`, `phone_number`, `remember_token`, `created_at`, `updated_at`, `role`) VALUES
(19, 'admin', 'admin@gmail.com', 'img/61c35575062a2-148312729_1418334398506605_7123486741738840453_n.jpg', NULL, '$2y$10$FBuLnGuoXqZVZG0YYoXRD.QtZF1f1OaC3fL0zcPIyhUlSwZFPDo46', '0932205448', NULL, '2021-11-29 09:53:00', '2021-12-22 16:42:29', 1),
(34, 'Trần Cao Bính', 'botboyy1@gmail.com', 'img\\61aee16a56b3b-300_6.jpg', NULL, '$2y$10$54i2BwDsSlFoCKlshrP0aOW7XHvcToLtUMcYuyJi00bYb1es7zYVS', '9322302132', NULL, '2021-12-07 04:22:02', '2021-12-22 16:43:19', 2),
(35, 'Lê Hồng Vân', 'duc@gmail.com', 'img\\61b164151dffb-300_4.jpg', NULL, '$2y$10$stvfUyfJFV1ISwTtzpvPZ.zw8LE7DesM5ENBvmsn8T167Ba2YL0R.', '0931241241', NULL, '2021-12-09 02:04:05', '2021-12-22 16:43:35', 2),
(37, 'Phạm Thanh Hà', 'quangtmph09738@fpt.edu.vn', 'img\\61b85b04a70fb-300_14.jpg', NULL, '$2y$10$Fty6L1Cp1dk2085Vy6VaR.FAC8WED/MSMBenuGrDp2d9gpRy2d2ZO', '09131241242124', NULL, '2021-12-14 08:51:16', '2021-12-22 16:43:49', 2),
(39, 'Trần Trung Đoàn', 'tmqzuang24@gmail.com', 'img/61c35586c9cc1-iphone-12-xtmoibile-banner.jpg', NULL, '$2y$10$1ISUp/Sb.9skj1tE4U6QCeOgrL4NoZnJpKlvXSveJYFn50FBJp90W', '0329316963', NULL, '2021-12-21 04:21:02', '2021-12-22 16:42:46', 0),
(40, 'Trung nhân viên', 'botboyy@gmail.com', 'img\\61c3279181eae-61c098fd25c62-taytrangrang.jfif', NULL, '$2y$10$p8kaAZFrVuDMZ0JwZECUDupAAlFO.PFOZb18zEKihZUY7h9Pff/VO', '0932205448', NULL, '2021-12-22 13:26:41', '2021-12-22 13:26:41', 1),
(41, 'Ngô Hoàng Đông Anh', 'donganh@gmail.com', 'img/61c3fa5c4bde4-iphone-12-phien-ban-re-nhat-se-co-gia-tu-699-usd-2.jpg', NULL, '$2y$10$EF4u80zdo2CU1GeJ53nGQOLWZwW9O2SmVYuONIp87sOlzTICSeSta', '0932205444', NULL, '2021-12-23 04:26:04', '2021-12-23 04:26:04', 2);

--
-- Chỉ mục cho các bảng đã đổ
--

--
-- Chỉ mục cho bảng `article`
--
ALTER TABLE `article`
  ADD PRIMARY KEY (`id`);

--
-- Chỉ mục cho bảng `booking`
--
ALTER TABLE `booking`
  ADD PRIMARY KEY (`id`);

--
-- Chỉ mục cho bảng `booking_schedule`
--
ALTER TABLE `booking_schedule`
  ADD PRIMARY KEY (`id`);

--
-- Chỉ mục cho bảng `booking_services`
--
ALTER TABLE `booking_services`
  ADD PRIMARY KEY (`id`);

--
-- Chỉ mục cho bảng `category_article`
--
ALTER TABLE `category_article`
  ADD PRIMARY KEY (`id`);

--
-- Chỉ mục cho bảng `doctor`
--
ALTER TABLE `doctor`
  ADD PRIMARY KEY (`id`);

--
-- Chỉ mục cho bảng `doctor_services`
--
ALTER TABLE `doctor_services`
  ADD PRIMARY KEY (`id`);

--
-- Chỉ mục cho bảng `failed_jobs`
--
ALTER TABLE `failed_jobs`
  ADD PRIMARY KEY (`id`),
  ADD UNIQUE KEY `failed_jobs_uuid_unique` (`uuid`);

--
-- Chỉ mục cho bảng `migrations`
--
ALTER TABLE `migrations`
  ADD PRIMARY KEY (`id`);

--
-- Chỉ mục cho bảng `services`
--
ALTER TABLE `services`
  ADD PRIMARY KEY (`id`);

--
-- Chỉ mục cho bảng `setting_system`
--
ALTER TABLE `setting_system`
  ADD PRIMARY KEY (`id`),
  ADD UNIQUE KEY `setting_system_id_uindex` (`id`);

--
-- Chỉ mục cho bảng `slider_setting`
--
ALTER TABLE `slider_setting`
  ADD PRIMARY KEY (`id`);

--
-- Chỉ mục cho bảng `users`
--
ALTER TABLE `users`
  ADD PRIMARY KEY (`id`),
  ADD UNIQUE KEY `users_email_unique` (`email`);

--
-- AUTO_INCREMENT cho các bảng đã đổ
--

--
-- AUTO_INCREMENT cho bảng `article`
--
ALTER TABLE `article`
  MODIFY `id` int(11) NOT NULL AUTO_INCREMENT;

--
-- AUTO_INCREMENT cho bảng `booking`
--
ALTER TABLE `booking`
  MODIFY `id` int(11) NOT NULL AUTO_INCREMENT, AUTO_INCREMENT=291;

--
-- AUTO_INCREMENT cho bảng `booking_schedule`
--
ALTER TABLE `booking_schedule`
  MODIFY `id` int(11) NOT NULL AUTO_INCREMENT, AUTO_INCREMENT=122;

--
-- AUTO_INCREMENT cho bảng `booking_services`
--
ALTER TABLE `booking_services`
  MODIFY `id` int(11) NOT NULL AUTO_INCREMENT, AUTO_INCREMENT=795;

--
-- AUTO_INCREMENT cho bảng `category_article`
--
ALTER TABLE `category_article`
  MODIFY `id` int(11) NOT NULL AUTO_INCREMENT, AUTO_INCREMENT=12;

--
-- AUTO_INCREMENT cho bảng `doctor`
--
ALTER TABLE `doctor`
  MODIFY `id` int(11) NOT NULL AUTO_INCREMENT, AUTO_INCREMENT=7;

--
-- AUTO_INCREMENT cho bảng `doctor_services`
--
ALTER TABLE `doctor_services`
  MODIFY `id` int(11) NOT NULL AUTO_INCREMENT, AUTO_INCREMENT=198;

--
-- AUTO_INCREMENT cho bảng `failed_jobs`
--
ALTER TABLE `failed_jobs`
  MODIFY `id` bigint(20) UNSIGNED NOT NULL AUTO_INCREMENT;

--
-- AUTO_INCREMENT cho bảng `migrations`
--
ALTER TABLE `migrations`
  MODIFY `id` int(10) UNSIGNED NOT NULL AUTO_INCREMENT, AUTO_INCREMENT=9;

--
-- AUTO_INCREMENT cho bảng `services`
--
ALTER TABLE `services`
  MODIFY `id` int(11) NOT NULL AUTO_INCREMENT, AUTO_INCREMENT=47;

--
-- AUTO_INCREMENT cho bảng `setting_system`
--
ALTER TABLE `setting_system`
  MODIFY `id` int(11) NOT NULL AUTO_INCREMENT, AUTO_INCREMENT=5;

--
-- AUTO_INCREMENT cho bảng `slider_setting`
--
ALTER TABLE `slider_setting`
  MODIFY `id` int(11) NOT NULL AUTO_INCREMENT, AUTO_INCREMENT=9;

--
-- AUTO_INCREMENT cho bảng `users`
--
ALTER TABLE `users`
  MODIFY `id` bigint(20) UNSIGNED NOT NULL AUTO_INCREMENT, AUTO_INCREMENT=42;
COMMIT;

/*!40101 SET CHARACTER_SET_CLIENT=@OLD_CHARACTER_SET_CLIENT */;
/*!40101 SET CHARACTER_SET_RESULTS=@OLD_CHARACTER_SET_RESULTS */;
/*!40101 SET COLLATION_CONNECTION=@OLD_COLLATION_CONNECTION */;
